Uuid,Void/Retire,Name,Concept Drug,_version:1,_order:1010
4ee2744a-6e41-43a6-98ca-2390cb9e18b8,1,Clobetasone 15g,Clobetasone,,
d9c230a5-89d8-4e4d-b08b-2af3b1234c80,1,Paracetamol 500mg,Paracetamol 500mg,,
3c2be95a-9c20-4079-a242-4f4c00433b72,1,Salbutamol inhaler,Salbutamol inhaler,,
e45e83b8-10d1-430e-bf79-59e0155ca43f,1,Chana,Chana,,
84685f8d-ac2d-4952-b38d-1e77a2602328,1,Albendazole 400mg,Albendazole 400mg,,
32c5312e-e640-4b4f-9353-612abbd31117,1,Cytalon 100mg,Cytalon,,
59f48da6-190d-4d16-8fb3-168e94c9911e,1,Ipratropium Bromide Respirator Solution 15ml,Ipratropium Bromide Respirator Solution,,
3abb7336-e1a7-48c1-9ef3-e6a45bd000b6,1,Pentazocine 1ml,Pentazocine,,
4ee6f5af-68c6-4a78-a675-a9ebfce1f625,1,Aciclovir 200mg,Aciclovir,,
04fb9ae7-6517-49a1-add4-1ea819268a2a,1,Aciclovir 250mg,Aciclovir,,
4416fc3a-7025-44be-afd8-584168c161d7,1,Aciclovir 400mg,Aciclovir,,
2a215a46-cbfa-42b4-9a9f-50183e5cb40e,1,Cephlexin 500mg,Cephlexin,,
bceebd00-5b29-4197-85c5-82be30e2ee02,1,Cephlexin 250mg,Cephlexin,,
8835df5e-7a51-4da6-a513-48bed68f0534,1,Lajvanti Panchang 50gm,Lajvanti Panchang 50gm,,
7e3d5c68-d3d4-47b6-8c49-2d64fbdd197a,1,Hepatitis - B 10ml,Hepatitis - B,,
b6d72152-c4ad-42c1-80e4-68c267fa232e,1,Hepatitis - B 1ml,Hepatitis - B,,
7ccee5ed-c006-4d11-93ac-c3166bdd9f43,1,Lajvanti Panchang 100gm,Lajvanti Panchang,,
dfc15a13-381c-45d1-82ee-377b19ee1bed,1,Beclomethasone,Beclomethasone,,
0a595a8c-cad6-4231-8cfe-960a20c1918b,1,Sodium Thiosulphate Camical 500gm,Sodium Thiosulphate Camical 500gm,,
e7ff4462-5f1f-4bb5-8f0e-f49dea1820b1,1,Placentex 60ml,Placentex,,
b61375bb-9c58-4259-920f-d53cda2c791b,1,Ciprofloxacin Eye/Ear Drop 10ml,Ciprofloxacin,,
6c08c703-d67c-4bae-b3c1-0604989e05f0,1,Clotrimazole+Lignocaine Ear Drop,Clotrimazole+Lignocaine Ear Drop,,
871db3cb-3158-49d3-89f3-4f5af0843918,1,Metronidazole 20g,Metronidazole,,
e448ffbd-4bc4-41fc-bb51-4ff95e0a0858,1,Lignocaine Hydrochloride Jelly 2%,Lignocaine Hydrochloride 2%,,
2f7bc8fb-93b9-4519-9efb-8a09ae060246,1,Paracetamol 60ml,Paracetamol,,
c8c8db6b-2ea1-42a0-ba88-965d350ea7a0,1,Paracetamol 2ml,Paracetamol,,
bb12e744-7c8e-4f26-b9a8-43e9164a8f00,1,Paracetamol 4.5 Litre,Paracetamol,,
fdf1ae9d-964c-4d39-80bc-495fb031926b,1,Povidine 15g,Povidine,,
43c0d71c-e399-4b48-888d-e11c3e532822,1,B-Complex,B-Complex,,
e5134dca-f0cd-4974-9022-89f4c699a283,1,Rifampicin,Rifampicin,,
c086af09-21b0-4b23-a603-a5644b1081f0,1,Isoniazid,Isoniazid,,
aabd998a-a402-43a9-a59a-138f59122157,1,Ethambutol,Ethambutol,,
9d6c7aeb-4b9f-41e4-ad4b-a4504e8967a5,1,Pyrazinamide,Pyrazinamide,,
e566bebf-33e6-4fd1-b65c-45ec8e9e9f18,1,Metformin,Metformin,,
8e3c2c26-558e-4b7d-b81e-55de91ac3ebd,1,Glipizide,Glipizide,,
f1bf36d3-1d21-4488-8d88-4f03fcd860f9,1,Pioglitazone,Pioglitazone,,
7574c69b-1133-4805-bc31-64635f40c3c0,1,Aceclofenac 100mg,Aceclofenac,,
6ad082b1-2783-4783-9c11-5cc63cf3a1b0,1,Acyclovir 0.3%,Acyclovir,,
ed86eff4-56a2-471f-beb1-f0e50c943d83,1,Acyclovir 200mg,Acyclovir,,
42270fd1-f4de-4a20-981f-f1a8d2bddf4f,1,Acyclovir 5%,Acyclovir,,
e847482c-7746-46b9-a8d5-7ca21302c969,1,Adrenaline 1mg/ml,Adrenaline,,
35156f22-5e0e-404c-94a6-31762ca7ded5,1,Albendazole 200mg/5ml,Albendazole,,
24889f97-892a-4ac9-ac9b-fa753391f2f0,1,Alprazolam 0.25mg,Alprazolam,,
2e4f8ba6-95c6-4ee9-96a9-28bcbd82c031,1,Amikacin 250mg/2ml,Amikacin,,
5dd8e5f3-4f3a-4c7a-abf3-64617f7afcc2,1,Amikacin 500mg/2ml,Amikacin,,
ce6e35a2-af23-44ed-a05d-cd6d971d6a2b,1,Amitriptyline 25mg,Amitriptyline,,
57242c4b-14c8-4170-8548-85426da0d00c,1,Amlodipine 2.5mg,Amlodipine,,
1c2c48b1-c11f-47db-b4d2-8ece997b0594,1,Amlodipine & Atenolol 5mg + 50mg,Amlodipine & Atenolol,,
f1b2394e-6272-4320-930f-098efd0246ca,1,Amoxicillin 250mg,Amoxicillin,,
293e55c4-f3be-4852-8b3b-49cf6309451c,1,Amoxicillin 125mg,Amoxicillin,,
daffaf79-8dd5-4bf4-94b2-2a3058c59c6e,1,Amoxicillin 125mg/5ml,Amoxicillin,,
013b90a8-243a-426c-88fe-985cb50e27ee,1,Amoxicillin 250mg,Amoxicillin,,
ee0403f3-867a-43c1-926e-4d177bd13948,1,Amoxicillin 500mg,Amoxicillin,,
5eef9d45-083c-4c39-8753-8202e3ea0451,1,Amoxicillin & Clavulanic Acid 500mg + 125mg,Amoxicillin & Clavulanic Acid,,
b3572f0e-a4b7-4e8e-9fba-f7dd45a7a047,1,Amoxicillin & Clavulanate 200mg + 28.5mg / 5ml,Amoxicillin & Clavulanate,,
e188a20a-2734-41d6-827c-9316fbee9a36,1,Amoxicillin & Cloxacillin 125mg + 125mg / 5ml,Amoxicillin & Cloxacillin,,
4f742e41-1f3d-455d-95ca-2cefd4fac1f1,1,Amphotericin B 50mg,Amphotericin B,,
22c07320-863c-481b-bdd5-31140f134ef2,1,Ampicillin 1000mg/5ml,Ampicillin,,
326545d4-8815-482e-8282-c4dcdcd300de,1,Ampicillin 500mg/2ml,Ampicillin,,
76badfd9-78b5-4fa0-b423-e149088a88da,1,Ampicillin & Cloxacillin 1000mg/5ml,Ampicillin & Cloxacillin,,
6be42641-8f5c-4b29-bc8f-acec6d2dc5cf,1,Ampicillin & Cloxacillin 125mg + 125mg / 40ml,Ampicillin & Cloxacillin,,
71fc65dc-2e67-4b96-8213-dffc5dda5fab,1,Ampicillin & Cloxacillin 250mg + 250mg,Ampicillin & Cloxacillin,,
e7ab43cb-d909-4ad0-8ce4-91c28be32e2d,1,Ampicillin & Cloxacillin 250mg + 250mg,Ampicillin & Cloxacillin,,
0eb3e926-8ca0-415d-8d1d-90028d5a4e1d,1,Ampicillin & Cloxacillin 500mg/5ml,Ampicillin & Cloxacillin,,
26fd8c3e-2813-4464-9719-2bc3bd7b4633,1,Antacid 180ml,Antacid,,
2af6f0b0-3289-45bd-9e7d-83596fee0949,1,Antacid 700mg,Antacid,,
a42d3e70-fd8c-4e9f-bee3-47320383fd07,1,Antioxidant 1mg,Antioxidant,,
49f0c5c2-4738-4382-9928-69fd330d4624,1,Aspirin 75mg,Aspirin,,
25a8cb7f-1c6a-433a-b400-f8eb6ad6f94a,1,Atenolol 25mg,Atenolol,,
2ac23d99-73e0-4d6b-9038-a477dfe11e34,1,Atorvastatin 10mg,Atorvastatin,,
c44758b4-535a-4896-9de7-6a5e81d9af19,1,Atorvastatin 20mg,Atorvastatin,,
7ed52038-6f1c-4b2b-a40a-e84e49d9453e,1,Atropine 0.6mg/ml,Atropine,,
2b2cbe5d-3466-4265-9279-ada687a3ebe1,1,Azithromycin 100mg/5ml,Azithromycin,,
df6321c4-1466-419e-8034-7d9d5c25dd62,1,Azithromycin 200mg/5ml,Azithromycin,,
5f09704b-1a8b-4b56-8f6e-88d04e297211,1,Azithromycin 250mg,Azithromycin,,
acf92279-a251-4d13-817e-88c574b23dd9,1,Azithromycin 500mg,Azithromycin,,
53bfdca8-e087-41c1-bdbe-cbf6fdf93041,1,Beclomethasone Dipropionate 200mcg,Beclomethasone Dipropionate,,
636fb54f-a9e3-4670-bb66-a8f009232b99,1,Beclomethasone Dipropionate 200mcg/dose,Beclomethasone Dipropionate,,
388cbd20-12fd-4a13-97df-271fa7d10808,1,Benzathine Penicillin 1.2 Million IU,Benzathine Penicillin,,
c5c08323-8bb6-428f-acec-b73664e9b84b,1,Benzoic & Salicylic Acid 6% + 3%,Benzoic & Salicylic Acid,,
ce65cbaf-3731-49e9-986c-16e3c0f77ce2,1,Benzoyl Peroxide 5%,Benzoyl Peroxide,,
1b6a104b-e7ff-4a71-b50c-c27df8be8fb9,1,Betamethasone 0.1%,Betamethasone,,
281fb5ae-de59-4312-80ee-4e309a20b9c9,1,Bupivacaine Hydrochloride 0.5%,Bupivacaine Hydrochloride,,
5293b5cf-a08b-4c19-a585-fc75e2362fe4,1,Caffeine Citrate 20mg/ml,Caffeine Citrate,,
ee0c1028-a45c-49af-8755-fb220220eca5,1,Calamine 8%,Calamine,,
6fbd339b-f68d-4174-bb6d-2e1fef8422df,1,Calcium 500mg,Calcium,,
9b61ea4d-00c2-4602-acfb-94f299550e9d,1,Calcium Gluconate 10% 100mg/ml,Calcium Gluconate,,
c1e49f7c-827f-458d-b90e-d6fd305c7992,1,Carbamazine 100mg,Carbamazine,,
25f6864a-3608-4db9-8ce4-c19124769615,1,Carbamazine 200mg,Carbamazine,,
89b3f766-2092-4809-a173-737ef89bc1d3,1,Carbamazine 400mg,Carbamazine,,
117a40e6-8195-486c-aded-b0a27911222c,1,Cefadroxil 250mg,Cefadroxil,,
3e4f35f0-e301-4892-a930-9ffcb2b56ce9,1,Cefadroxil 250mg/5ml,Cefadroxil,,
2ddc8f6d-a119-4df2-99d9-c12293c085b9,1,Cefadroxil 500mg,Cefadroxil,,
70ab7eeb-33b5-4bd2-87ec-70ca10a2698a,1,Cefazolin 1000mg,Cefazolin,,
b6d79620-7a5e-4845-b619-6b0f2db56a2f,1,Cefepime 1g,Cefepime,,
2cfff969-8acd-4226-9c6a-eae4e80cac86,1,Cefixime 200mg,Cefixime,,
04a13f73-af84-42a4-8e28-6f360c0ffcbd,1,Cefixime 400mg,Cefixime,,
63eb8f14-0267-4fd7-a4a4-5da77c734fce,1,Cefixime 50mg/5ml,Cefixime,,
24cac22e-8aba-434c-9f57-bfef21853bd1,1,Cefotaxim 1000mg/5ml,Cefotaxim,,
05fac755-e963-428f-812b-8e810659e17f,1,Cefotaxim 500mg/5ml,Cefotaxim,,
b60950b2-96fc-4770-8638-77bee76d10a7,1,Ceftazidime 1g,Ceftazidime,,
134b2432-8a2e-462c-9637-832fdd108d53,1,Ceftriaxone 1000mg/5ml,Ceftriaxone,,
bc10392a-cc3c-4981-9fb6-ee5cf7c038c7,1,Ceftriaxone 250mg/5ml,Ceftriaxone,,
9417187f-a23d-4c25-954e-ec508f53e94c,1,Cetirizine 10mg,Cetirizine,,
08c0df98-09b5-4199-97a9-1a162160a7d2,1,Cetirizine 5mg/5ml,Cetirizine,,
296e6d6d-7dc0-4683-b401-5df0f0c1d278,1,Chlordiazepoxide 10mg,Chlordiazepoxide,,
2b67c139-3e12-49e5-b556-d8d19270ffe6,1,Chlordiazepoxide 25mg,Chlordiazepoxide,,
5a7caf04-cc60-4b4e-87d1-01812bb5ad3e,1,Chlorhexidine Gluconate 0.2%,Chlorhexidine Gluconate,,
c54d7325-a5c4-4b5a-aaa5-cea7c2b4ae40,1,Chloroquine 250mg,Chloroquine,,
6e251518-afad-4101-b766-2a8492b2624c,1,Chlorpheniramine 4mg,Chlorpheniramine,,
1a90009c-c301-4e7c-8b84-ecf657be3612,1,Ciprofloxacin 0.3%,Ciprofloxacin,,
c3a4acd7-d2e9-44f5-843f-5e610874da15,1,Ciprofloxacin 0.3%,Ciprofloxacin,,
0943b471-573b-4e51-ada7-f56e709bcf04,1,Ciprofloxacin 200mg/100ml,Ciprofloxacin,,
134104f9-2a87-4c71-b011-696380986325,1,Ciprofloxacin 250mg,Ciprofloxacin,,
72c6c3a8-fc2c-4ebb-ab42-ea8f079bfa31,1,Ciprofloxacin 500mg,Ciprofloxacin,,
605d23e2-c415-4a41-ba8f-fcf8a5a07fcb,1,Clarithromycine 500mg,Clarithromycine,,
2534a8df-e08d-4778-8154-0bf7c1248719,1,Clobazam 5mg,Clobazam,,
05d01c1b-7f1c-45a7-808d-3267b906230f,1,Clobetasol Propionate 0.05%,Clobetasol Propionate,,
a9aa9d5f-9b61-4024-8971-ab3438dc6c5e,1,Clonazepan 0.5mg,Clonazepan,,
a7452b22-2691-4192-b06f-77738cc28891,1,Clotrimazole & Lignocaine 1%,Clotrimazole & Lignocaine,,
1f333142-3c15-43ab-b529-fc9c2861a81f,1,Clotrimazole 1%,Clotrimazole,,
c1af3552-0850-4a75-871e-742ad67782fd,1,Clotrimazole 1%,Clotrimazole,,
9b3584d4-eff4-4c4f-9ad0-c3dfc5be5eb9,1,Clotrimazole 100mg,Clotrimazole,,
b49b59c9-94bd-4a56-be12-cf9ebd69a6ef,1,Clotrimazole 100mg,Clotrimazole,,
b12d76a0-b63e-4bc5-b18f-e28dd98b9df7,1,Clotrimazole Otic 1%,Clotrimazole Otic,,
d2e0030c-267f-4cff-97a8-84dd7196a872,1,Clove Oil 10ml,Clove Oil,,
c7fdee92-c656-48e4-bf67-0cbd41d9bc97,1,Cloxacillin 500mg/1.2ml,Cloxacillin,,
e8532259-2017-47ad-a18f-b90ec9678610,1,Codeine Phosphate 15mg,Codeine Phosphate,,
bab83a83-c508-4b35-83ab-2b6c6fa31744,1,Cotrimoxazole 50ml,Cotrimoxazole,,
444b7285-0ec5-4b82-b049-b3e943654523,1,Cotrimoxazole 960mg,Cotrimoxazole,,
afc0d28b-6fb7-4b17-845e-e656f819247b,1,Cremaffin 200ml,Cremaffin,,
b0d78454-bf28-4f5f-acce-30b17acc8141,1,Cycloserine 250mg,Cycloserine,,
99306d19-3f88-418f-bdd6-b700c93d0f36,1,D5 Dextrose 5%,D5 Dextrose,,
2576f6a9-a154-4552-bf7e-61b707410376,1,Dextrose 10%,Dextrose,,
487aab40-4aa5-425f-ab29-134d99662388,1,Dextrose 25%,Dextrose,,
f6429d97-1500-45ea-bd77-5a0eeb2bdd1a,1,Diazepam 5mg,Diazepam,,
bea1b1cc-430f-449e-8ff6-5a17f9ae7a22,1,Diazepam 5mg/2ml,Diazepam,,
5416572c-c522-4e60-b2d7-ef662090c64f,1,Diclofenac 1%,Diclofenac,,
e10a4b64-4e87-49e1-86b4-882e7f41cd24,1,Diclofenac Sodium 100mg,Diclofenac Sodium,,
89a99f86-6103-46c4-8008-07c690ff3218,1,Diclofenac Sodium 25mg/ml,Diclofenac Sodium,,
060b86ec-e8a6-4457-8a00-70c4b82566a2,1,Diclofenac Sodium 50mg,Diclofenac Sodium,,
08a5632f-fc23-437e-87a7-4d640bcabc56,1,Dicyclomine 10mg/5ml,Dicyclomine,,
2843066c-8c55-49e0-a5b2-52647a0622bf,1,Digoxin 0.25mg,Digoxin,,
9e99ebb0-56d5-4517-88c0-f754a861954c,1,Disodium Hydrogen Citrate 1.31mg/5ml,Disodium Hydrogen Citrate,,
3f33094d-52f3-467f-a40e-0a9717c21445,1,Dextrose Normal Saline 5% 500ml,DNS,,
3f33094d-52f3-467f-a40e-0a9717c21445,1,Dextrose Normal Saline 5% 500ml,Dextrose Normal Saline,,
a0057d24-fb2b-4eda-9fc0-fe533ce94322,1,Domperidone  10mg,Domperidone,,
eecbbacd-bb25-4457-9c8e-c3868ff6d98c,1,Dopamine 40mg/ml,Dopamine,,
d372aee7-29e5-4d86-a634-34d8db0f0ad5,1,Enalapril 2.5mg,Enalapril,,
28e8584d-64fa-4d00-9cdb-31a8f9802d25,1,Ethamsylate 500mg,Ethamsylate,,
4abd3b3d-198d-4e95-8b8a-43747de1691d,1,Etophylline & Theophylline 84.7mg/ml,Etophylline & Theophylline,,
f9ba2b14-b223-46b2-a761-7e7301c65728,1,Etophylline & Theophylline 150mg,Etophylline & Theophylline,,
b7e9ab3e-c624-42b7-9161-e659facf9cbc,1,Etophylline & Theophylline 300mg,Etophylline & Theophylline,,
3fdfd794-0c73-4795-b850-58f6033c333b,1,Famotidine 40mg,Famotidine,,
66e666d6-7142-4af5-b1fd-57704b78c609,1,Ferrous Fumarate & Folic Acid 300mg + 0.6mg,Ferrous Fumarate & Folic Acid,,
826285af-de4b-4369-838c-7721f207e89e,1,Ferrous Sulphate 200mg,Ferrous Sulphate,,
63fd6326-8b2d-4661-ac32-719898332556,1,Finasteride 5mg,Finasteride,,
784da3a1-86b1-4be0-8e05-7907b08f785b,1,Fluconazole 150mg,Fluconazole,,
5b597cca-ac96-401a-a471-3fcfe6034a4e,1,Fluoxetine 20mg,Fluoxetine,,
aa226112-064c-4655-b1d6-ce02f4acb9e8,1,Folic Acid 5mg,Folic Acid,,
abe05733-8274-4663-938c-294375d51a8a,1,Frusemide 10mg/ml,Frusemide,,
a036414e-7df6-4fb8-99f7-f76366ccbd5d,1,Frusemide & Amiloride 40mg + 5mg,Frusemide & Amiloride,,
606f5355-6662-43ed-b428-4745ddbe5959,1,Furosemide 40mg,Furosemide,,
81273dae-0330-416f-a3d5-ed212d208e15,1,Furosemide & Spironolactone 20mg + 50mg,Furosemide & Spironolactone,,
161bf86b-9cc8-4d76-9dc9-3d097652895d,1,Fusidic Acid 5 gm,Fusidic Acid,,
d216a447-508f-4c69-848a-dd05b6aff483,1,Gabapentin 300mg,Gabapentin,,
edbd9dc8-1880-45db-9128-d3f08becd36d,1,Gamma Benzene Hexachloride & Cetrimide 1% + 1%,Gamma Benzene Hexachloride & Cetrimide,,
400a3298-5728-4ab8-acdf-46845440643c,1,Gentamycin 20mg/ml,Gentamycin,,
69513802-6265-446f-86cd-438b5c7fad04,1,Gentamycin 40mg/ml,Gentamycin,,
d5a07616-62ff-4eb6-81fa-62446aa734dd,1,Gentian Violet 1%,Gentian Violet,,
ded3abe1-0cf6-4c39-8beb-0b464eae89b9,1,Glimepiride 2mg,Glimepiride,,
9918cac6-1d05-4420-bdb4-92e25413bd80,1,Glimepiride 4mg,Glimepiride,,
020c1d70-b578-4da1-a640-cced0ad7d7a2,1,Glipizide 5mg,Glipizide,,
143f3595-bd3e-4d04-888a-ecd8d945ea6d,1,Glycerine & Sodium Chloride Enema 30ml,Glycerine & Sodium Chloride Enema,,
49d5bb82-27c1-4aef-a55b-79f373ed975b,1,Glyceryl Trinitrate 0.4mg,Glyceryl Trinitrate,,
50788d16-a65e-497f-bf4a-1370b85174db,1,Haloperidol 0.25mg,Haloperidol,,
c95c2ac2-3abd-4d34-b8e9-3ff56bed8c0e,1,Hepatitis B Vaccine 20mcg/ml,Hepatitis B Vaccine,,
1d3c0d4d-6ce9-459b-a484-044d5403203d,1,Hepatitis B Vaccine 1ml/dose,Hepatitis B Vaccine,,
5c7b5bbf-5253-43f8-b07e-a8e67a6fb6f7,1,Hydrochlorothiazide 12.5mg,Hydrochlorothiazide,,
5cc9aab9-51ad-4937-9de1-f208f38d8c39,1,Hydrocortisone 100mg/5ml,Hydrocortisone,,
9b200fd6-a3bb-4c3f-9155-f68a216c6983,1,Hydrogen Peroxide 20%,Hydrogen Peroxide,,
cdc2930d-d822-410a-8d7d-533e8081bd10,1,Hyoscine Butylbromide 10mg,Hyoscine Butylbromide,,
b9e24012-51ce-4251-9b11-1127172cd27e,1,Hyoscine Butylbromide 20mg,Hyoscine Butylbromide,,
9fc7d906-74b0-4c3b-b4da-050c6aaeb207,1,Hyoscine Butylbromide 20mg/ml,Hyoscine Butylbromide,,
d6baa542-9b17-48a5-b8c5-47910be574a5,1,Ibuprofen 400mg,Ibuprofen,,
62ae129e-89e3-4294-8961-36ff5f70ecc7,1,Ibuprofen & Paracetamol 225mg/5ml,Ibuprofen & Paracetamol,,
98cac2c0-dc24-4a39-a83f-52f4e83c4fe9,1,Ibuprofen & Paracetamol 400mg + 500mg,Ibuprofen & Paracetamol,,
102ed6e5-f7ef-465a-867a-491ea11d2577,1,Ibuprofen & Paracetamol 725mg,Ibuprofen & Paracetamol,,
0c35f7d0-5ad8-4197-b5a7-ca347ce77ad3,1,Indomethacin 25mg,Indomethacin,,
babd32aa-b288-4567-8d30-c770cde531cb,1,Indomethacin 25mg,Indomethacin,,
6189a63f-9869-431c-af3d-04f3bca1e0e5,1,Insulin 30/70 100 IU/ml,Insulin,,
3f5857ba-5436-4598-8849-b4b4f926dc4c,1,Insulin 40 IU/ml,Insulin,,
03966798-5c40-4a6e-ac89-178371653df7,1,Ipratropium 20mcg,Ipratropium,,
d215dcbf-b779-4247-adc7-2a74457a7e8f,1,Ipratropium 200mcg,Ipratropium,,
07aa181e-ed75-40e3-9574-31fe47cfc34b,1,Ipratropium Bromide 250mg/ml,Ipratropium Bromide,,
52ec9ef8-09b5-4b0e-8934-e1a14329224f,1,Ipratropium Bromide 500mg/ml,Ipratropium Bromide,,
a4a9fd90-e36e-4bef-907a-4e338a5d4e02,1,Isosorbide Mononitrate 10mg,Isosorbide Mononitrate,,
e19aa3ab-a7b5-4886-8dd3-e5121acd8a15,1,Ivermectin 6mg,Ivermectin,,
1a3387be-dd84-4ea0-80e5-f779e26dc97a,1,Ketamine 50mg/ml,Ketamine,,
e74218fc-87f7-4221-919a-8827fbaef2bf,1,Ketoconazole 200mg,Ketoconazole,,
dbfa0fb1-bbd6-4a68-8069-70d733942c28,1,Lactulose 3.35mg/5ml,Lactulose,,
25a8400e-1982-4833-bf9c-73699bdcde9d,1,Levofloxacin 250mg,Levofloxacin,,
e520369f-7efc-4514-b39f-ef02c66d4ade,1,Levonorgestrel & Ethinylestradiol 0.15mg + 0.03mg,Levonorgestrel & Ethinylestradiol,,
e94538f2-dca5-47c5-8b44-29e64759a29c,1,Levothyroxine 100mcg,Levothyroxine,,
64761efc-dcff-485f-b924-fbb4ec140df2,1,"Lignocaine & Adrenaline 2% + 1:10,000",Lignocaine & Adrenaline,,
c9ae6014-99f5-4942-b789-a5771d5451d2,1,Losartan 25mg,Losartan,,
ac2ae8b0-27ef-4989-bfd4-cf0b60686758,1,Losartan 50mg,Losartan,,
1fcb7001-65e9-48a8-aeeb-7712336077ee,1,Magnesium Sulphate 500mg/ml,Magnesium Sulphate,,
41825f3d-e3b4-4f7f-9e01-3ac6f1c2cfc9,1,Medroxyprogesterone 150mg/ml,Medroxyprogesterone,,
25e1d752-7c4b-4629-8329-9921803913cd,1,Medroxyprogesterone Acetate 10mg,Medroxyprogesterone Acetate,,
07b787ea-fbea-41a3-ad0c-bc81ee3428de,1,Metformin 1000mg,Metformin,,
952916ed-55f9-498a-8880-3b69855598ef,1,Metformin 500mg,Metformin,,
3add5d98-4663-4938-928e-f68e6b71f6eb,1,Metformin 850mg,Metformin,,
3386d038-35dd-40d6-8df3-724c7d3ab215,1,Methotrexate 2.5mg,Methotrexate,,
682ebcf5-177e-46c3-b7ea-b514ce5d5710,1,Methylergometrine 0.2mg/ml,Methylergometrine,,
df0eaf2e-1a0c-4557-a6be-0aa44f1055ae,1,Metoclopramide 10mg,Metoclopramide,,
09ae2261-362f-43ce-afb7-9aa45c78185c,1,Metoclopramide 5mg/5ml,Metoclopramide,,
aa646486-21f8-4ebc-99ef-f5cf9ad30d8e,1,Metoclopramide 5mg/ml,Metoclopramide,,
99a3dc2a-bc88-4386-8e29-e0123d48cc76,1,Metronidazole 100mg/5ml,Metronidazole,,
b6c526ab-ed0c-4b0c-93e2-d89f1dc896dd,1,Metronidazole 200mg,Metronidazole,,
25f08fc1-3d2a-482e-b0bc-a37652c47ee5,1,Metronidazole 400mg,Metronidazole,,
d967e8d2-3780-46f6-a46a-538fba6de051,1,"Metronidazole, Chlorhexidine, Lignocaine & Menthol 10g","Metronidazole, Chlorhexidine, Lignocaine & Menthol",,
001b7fe9-6ed1-4d5b-9a1f-f66678a1edc4,1,Metronidazole &  Diloxanide 200mg + 250mg / 10ml,Metronidazole & Diloxanide,,
2cabac2d-3d48-4713-a8e8-cc683c2f4f9a,1,Metronidazole & Diloxanide 400mg + 500mg,Metronidazole & Diloxanide,,
6b12d20f-3b02-4209-b868-748e61240063,1,Mifepristone & Misoprostol 200mg + 800mcg,Mifepristone & Misoprostol,,
58fee33f-fa60-40e2-a5a8-72c4a70e6589,1,Miltefosine 50mg,Miltefosine,,
0ed2d479-55fc-485e-a5a3-466d07172f60,1,Mirtazapine 7.5mg,Mirtazapine,,
9fd11343-cd89-4b97-ac91-4745ff6d7ed6,1,Misoprostol 200mcg,Misoprostol,,
40369a94-c0b4-4845-ba91-14d3185a8368,1,Naloxone 0.4mg/ml,Naloxone,,
df7f9793-0cde-4c99-8039-cff0e2150e9c,1,Neomycin & Polymyxin B & Bacitracin Zinc 5g,Neomycin & Polymyxin B & Bacitracin Zinc,,
61df30bb-f3bb-4ed0-bb06-990c3835235f,1,Nifedipine 10mg,Nifedipine,,
459e44b0-a622-42ed-a1e5-4e6a86c14caa,1,Nimesulide 100mg,Nimesulide,,
d872e96c-24f5-42f0-8218-7eedf972b8ef,1,Nitrofurantoin 100mg,Nitrofurantoin,,
9c215c96-612d-4392-936c-829c2f9ec3ca,1,Normal Saline 500ml,NS,,
9c215c96-612d-4392-936c-829c2f9ec3ca,1,Normal Saline 500ml,Normal Saline,,
40cb38e1-0e37-4a01-9ebb-4fb65aa5e64e,1,Ofloxacin 200mg,Ofloxacin,,
f325d004-7311-4423-8022-524b4cf563be,1,Ofloxacin 400mg,Ofloxacin,,
2d366f8b-b89b-47b9-9392-3a302426568a,1,Ondansetron 2mg/ml,Ondansetron,,
117000ac-0cd7-46d9-9186-53a1dc097e9d,1,Ondansetron 2mg/5ml,Ondansetron,,
19e70445-1a5b-4115-83b9-a0be6219f62c,1,Oral Hormonal Contraceptive Pills 18mg,Oral Hormonal Contraceptive Pills,,
158c0267-1410-4e5d-9e83-834915eeedb3,1,Oral Rehydration Solution 20.9mg/L,Oral Rehydration Solution,,
158c0267-1410-4e5d-9e83-834915eeedb3,1,Oral Rehydration Solution 20.9mg/L,ORS,,
493376c9-197d-4356-9407-69df7ca8bcc5,1,Oxymetazoline 0.5mg/ml,Oxymetazoline,,
cbcfcd08-f820-4493-bf60-7245cff7f5e0,1,Oxytocin 5U/ml,Oxytocin,,
b3339714-2a6c-4a6d-8157-17c7c17caa3a,1,P Dextrose And Electrolyte Solution 500ml,P Dextrose And Electrolyte Solution,,
b90aefdb-0f7b-422e-ae5f-2cf20b4dd9f2,1,Paracetamol 125mg/5ml,Paracetamol,,
8563f7f6-c166-41df-b734-5024668e4c34,1,Paracetamol Paediatric 125mg/5ml,Paracetamol Paediatric,,
931c6217-3a9d-4a15-8ee9-f3a5f31b6177,1,Paracetamol & Codeine Phosphate 500mg + 10mg,Paracetamol & Codeine Phosphate,,
f38745fd-36b3-46e6-8c74-ddc661eff4d4,1,Paradichloro Benzene 0.74mg,Paradichloro Benzene,,
a41fb68b-e6b9-4486-b59b-1df529c2f2e5,1,"Paradichlorobenzene, Benzocaine, Chlorbutol & Turpentine Oil 10ml","Paradichlorobenzene, Benzocaine, Chlorbutol & Turpentine Oil",,
26087d7b-3658-4dd4-a7dd-b6866e6fef37,1,Pantoprazole 40mg,Pantoprazole,,
f5f8642f-4937-49da-9c42-db483b5a1913,1,Pantoprazole 40mg/10ml,Pantoprazole,,
426a12c4-bbbd-42b4-9c84-fd4b06fa5b04,1,Pyrimethamine & Sulfadoxine 25mg + 500mg,Pyrimethamine Sulfadoxine,,
a1530be1-377a-4e5d-be6e-07aa16e737fa,1,Pheniramine 22.75mg/2ml,Pheniramine,,
e9a48988-9b56-4698-9f4d-a34c87ebd53d,1,Pheniramine Maleate 25mg,Pheniramine Maleate,,
deca612f-1ac5-44e3-a981-1d74d76fa644,1,Phenobarbitone 200mg/ml,Phenobarbitone,,
726be409-6537-4609-9986-0e87a8d99480,1,Phenobarbitone 30mg,Phenobarbitone,,
714bf114-866d-4e36-b8d2-3d8ff918f28e,1,Phenobarbitone 60mg,Phenobarbitone,,
b598cea2-495b-494d-a4c1-d235ab066ba1,1,Phenytoin 100mg,Phenytoin,,
8e981645-3e28-4b33-bdaf-1173bc497638,1,Phenytoin 50mg,Phenytoin,,
1bf01f6c-a49f-4791-8382-09fb5aa804c6,1,Phenytoin 50mg/ml,Phenytoin,,
cbc6d51d-5372-4f14-9588-1ea120f0802e,1,Pilex 30g,Pilex,,
0bb28f24-1267-43d0-8fb8-9023a3c44e44,1,Polyvalent Anti Snake Serum,Polyvalent Anti Snake Serum,,
f1b1b5e4-eca3-46b6-9baf-38cfdab96906,1,Potassium Chloride 15%,Potassium Chloride,,
2ca78e05-7753-4ac1-9631-c1ba42443369,1,Primaquine 7.5mg,Primaquine,,
46c4078f-b1f3-4b08-8c81-cdc7562cef79,1,Prochlorperazine Maleate 5mg,Prochlorperazine Maleate,,
091240a8-befd-4f9e-9078-00a24f2e14d7,1,Promethazine Hydrochloride 12.5mg/ml,Promethazine Hcl,,
091240a8-befd-4f9e-9078-00a24f2e14d7,1,Promethazine Hydrochloride 12.5mg/ml,Promethazine Hydrochloride,,
7138c78b-d7bf-4b3e-84de-ec88ee7bf71b,1,Propranolol  20mg,Propranolol,,
461a6fc0-b765-414e-b63c-af93f01aee73,1,Propranolol  40mg,Propranolol,,
edd3057f-0c8b-4be5-9ca0-a9f1072dfa6e,1,Propofol 10mg,Propofol,,
620dfba4-2487-4cbd-9828-468efbc0cfcb,1,Pyrazinamide 400mg,Pyrazinamide,,
02c41e3f-dab9-4a36-a15c-dfce329f33b2,1,Pyridoxine 100mg,Pyridoxine,,
6e592d7b-b990-4b40-8ed9-5e58eb9fdaa2,1,Rabeprazole Sodium 20mg,Rabeprazole Sodium,,
d5461847-7b9b-4644-a8cd-aa5690c8784d,1,Rabies Vaccine 2.5 IU/ml,Rabies Vaccine,,
1389d95c-9d5c-49ea-99e0-d5b821053473,1,Ranitidine 150mg,Ranitidine,,
67f94a67-84f3-4ef2-9c03-aaf9ff952c7c,1,Ranitidine 25mg/ml,Ranitidine,,
23d612ae-cf93-4e64-921d-6c4a69033e9c,1,"Retinol (Vitamin A) 200,000 IU",Retinol (Vitamin A),,
1bea55dc-05b1-455a-b7cf-bb9750e41717,1,Risperidone 1mg,Risperidone,,
da2dd3b5-ad47-40f9-96ef-28e1d6cb93c8,1,Rl Ringers Lactate 500 ml,Rl Ringers Lactate,,
3500d335-09b7-46a7-8b2c-bd24075d97f9,1,Salbutamol Expectorent 1mg/5ml,Salbutamol,,
9d43683a-1c21-4987-b66b-c93a7e30e984,1,Salbutamol Rotacap 200mcg,Salbutamol,,
99d324ec-e644-46dd-9a4b-883e63b2b16b,1,Salbutamol 100mcg,Salbutamol,,
9a42f5fc-c722-4868-87a6-a89995fde5ce,1,Salbutamol 2mg/5ml,Salbutamol,,
a2a5b68b-307d-4ca5-902b-3a02f0b879c4,1,Salbutamol 2mg/5ml,Salbutamol,,
cbd6e223-764b-4f6e-8669-a17b310d790b,1,Salbutamol & Bromhexine 2mg + 4mg,Salbutamol & Bromhexine,,
85244fc8-fe83-4cee-ba95-3ec6026ddd91,1,Saline Nasal Solution 15ml,Saline,,
66287a36-bd49-4d40-95db-23eaa703c92f,1,Silver Sulphadiazene 1%,Silver Sulphadiazene,,
8df86c38-57dd-4f42-a73e-bcd126f09878,1,Sodium Valproate 200mg,Sodium Valproate,,
812bbc1c-7e1e-4e8e-a0ea-d9fb79f67471,1,Sulfamethoxazole & Trimethoprim 100mg + 20mg,Sulfamethoxazole & Trimethoprim,,
0b21536f-c058-442b-8da0-9bd4cdbfc678,1,Sulfamethoxazole & Trimethoprim 200mg + 40mg / 5ml,Sulfamethoxazole & Trimethoprim,,
a16d3b60-2b11-4c14-a3bc-977a0b13f739,1,Sulfamethoxazole & Trimethoprim 800mg + 160mg,Sulfamethoxazole & Trimethoprim,,
d4012286-19e4-4fde-bc5c-a8600693255d,1,Tetanus Antitoxin 0.5ml,Tetanus Antitoxin,,
61127404-ff7d-407d-8917-b0344c3480e2,1,Tetanus Immunoglobulin 500 IU/ml,Tetanus Immunoglobulin,,
20705748-56fa-46a1-8aa7-436755adf5f2,1,Tetanus Toxoid 0.5 ml,Tetanus Toxoid,,
ddd8e904-1f1a-4ca2-b225-f72b3f890234,1,Tetracycline Ophtalmic 1%,Tetracycline Ophtalmic,,
24d45bf3-e736-449d-9e8c-5dbe37992552,1,Tizanidine 2mg,Tizanidine,,
bf2c8cf4-7cf5-4f7c-a05c-a75471443e33,1,Tramadol 50mg,Tramadol,,
750a0804-ef09-48e6-bc47-cb1adba5c361,1,Tramadol 50mg,Tramadol,,
3703b411-8228-4435-afd1-8c07d17ab516,1,Tramadol 50mg/ml,Tramadol,,
6497eb1f-d973-4a05-8758-721a602c11ac,1,Tranexamic Acid 500mg,Tranexamic Acid,,
d2e078ca-2faf-4494-9521-ef91095bdfa9,1,Tranexamic Acid 500mg/5ml,Tranexamic Acid,,
92de23ea-fb39-4f8f-93ad-9080f39b9662,1,Triamcinolone 40mg/ml,Triamcinolone,,
fe8be1ef-72c1-4acf-aa18-70dd3a82c514,1,Trihexyphenidyl 2mg,Trihexyphenidyl,,
db08bda6-2b73-4b0e-8a7c-0226614a0cda,1,Trypsin Chymotrypsin,Trypsin Chymotrypsin,,
1b0d3eb4-9527-40eb-865d-73aac2e60103,1,Tuberculin Purified Protein Derivative 10 TU/0.1ml,Tuberculin PPD,,
1b0d3eb4-9527-40eb-865d-73aac2e60103,1,Tuberculin Purified Protein Derivative 10 TU/0.1ml,Tuberculin Purified Protein Derivative,,
30bed331-65f3-43c1-866e-9eb1256a1675,1,Valproic Acid 200mg,Valproic Acid,,
3bcf37d3-eb43-4884-aabb-4f4483cf918d,1,Valproic Acid 200mg/5ml,Valproic Acid,,
f7bbb234-1fd7-4834-baa7-7d09792280f7,1,Verapamil 40mg,Verapamil,,
363f5156-6bf4-421d-8754-3fc8cfdcc32f,1,Vitamin B Complex 307,Vitamin B Complex,,
6ac54756-e8b6-4bd8-a9bb-480204b63cdc,1,Vitamin B Complex 308,Vitamin B Complex,,
1e653650-9d1b-4f95-864c-2cea6b52b3d6,1,Vitamin K 10mg/ml,Vitamin K,,
a3c4e7cb-dad4-4a98-afe1-b865f8179489,1,Warfarin 1mg,Warfarin,,
aa9b6034-5d2f-45d0-95a6-1d532959f7a9,1,Warfarin 2mg,Warfarin,,
b7af7a02-b428-44ed-92f8-f0e25d7809c4,1,Warfarin 5mg,Warfarin,,
485fc151-9541-4f7b-b298-e9f1e4efa573,1,Zinc Sulphate 10mg,Zinc Sulphate,,
c6a1d4e4-563a-4392-af58-e38d0e0308ee,1,Zinc Sulphate 20mg,Zinc Sulphate,,
5d3aa389-a44e-410d-9525-30af971b096c,1,Methimazole,Methimazole,,