UUID,Fully specified name:en,Void/Retire,Data class,Data type,_order:1000
07a128f7-f596-45d5-a2a9-c447bc9e5112,Absolute Eosinphil Count,true,Misc,N/A,
b354517a-c98b-4bcc-98a5-84037842d626,Hb Electrophoresis,true,Misc,N/A,
8fc09f12-1e16-4777-92b1-3c04abe2b00c,Agranulocyte Count,true,Misc,N/A,
a5cda2de-9cc6-4b39-97a8-6842632debba,Packed Cell Volume (PCV),true,Misc,N/A,
f22b501c-7cd1-4732-915b-845392207cda,Platelet Count,true,Misc,N/A,
6780bc93-9e91-4504-9076-e6c35fcf1602,VDRL(TPHA) (Blood),true,Misc,N/A,
dbebb9d1-25e1-464a-83a0-94257ff217c3,Granulocyte Count,true,Misc,N/A,
b7157fc9-9515-4f34-9255-386768716fc5,APTT (Test) (Blood),true,Misc,N/A,
2c01180b-779e-4777-84f2-33ef32698151,INR Ratio (Blood),true,Misc,N/A,
80994e3f-b4f7-40c0-bf32-7dedacc9d4c3,Prothrombin Time (Control) (Blood),true,Misc,N/A,
ad1e494a-e262-4fe5-9d06-1961656db5f1,Blood Group (Relative),true,Misc,N/A,
1039046c-377d-4a8f-8f20-774e73a1d408,Cross Match,true,Misc,N/A,
a1ad8a19-623e-4754-9a9b-f309c6f2e630,Haemoglobin (Relative),true,Misc,N/A,
5b2d382d-ed57-43fc-a1c8-c64d1d7a60c7,HbsAg ELISA,true,Misc,N/A,
b58afffd-10c0-4956-84ea-5587b6a296a8,HbsAg Rapid,true,Misc,N/A,
68426bfd-5612-428f-a679-d7189f39d9f2,HCV ELISA,true,Misc,N/A,
3188f623-bcb8-4c48-b5a0-39db3f3ccf61,HCV Tridot,true,Misc,N/A,
80a8b5a5-9629-4b71-a402-d788d41a3f6c,HIV ELISA (Blood),true,Misc,N/A,
27eef620-ca5b-42f3-b3d1-05e57d1f6974,HIV Tridot,true,Misc,N/A,
86f8a653-7a71-42be-81b8-d46c1375be7a,Malaria Parasite,true,Misc,N/A,
7fd99361-e7d2-479d-8ee4-3940cc3660a3,Patient Blood Group,true,Misc,N/A,
7b19bfd3-6da6-4e50-b4f2-aade6af892b1,VDRL ELISA,true,Misc,N/A,
457985a0-f89f-465e-9f99-0751eb77b2fb,VDRL Rapid,true,Misc,N/A,
706ac12e-694b-4596-a170-8b6c6ea915e0,Basophil,true,Misc,N/A,
79bc858c-163a-46a0-a722-6243c6d21200,Eosinophil,true,Misc,N/A,
e69dad79-173f-46cc-9a12-aaa54e6fc9ca,Lymphocyte,true,Misc,N/A,
014bd216-72bd-44ae-b25a-270ed10bb2da,Monocyte,true,Misc,N/A,
a3aa6093-0a2d-4b1a-8771-f0e0d338b476,Polymorph,true,Misc,N/A,
38e31e15-e017-45a2-a5ae-a6f70ba1799a,Fasting Blood Sugar,true,Misc,N/A,
9811e11f-d5df-4586-a18d-e9ec1f66595e,Post Blood Sugar (30 mins),true,Misc,N/A,
82e18b0b-442b-46f9-91ca-8271e12bc245,Post Blood Sugar (60 mins),true,Misc,N/A,
7063d258-7b82-4eef-b1ea-6313f55fc91a,Post Blood Sugar (90 mins),true,Misc,N/A,
b88ca554-a920-4b11-a4b9-dc2cdb413850,Post Blood Sugar (120 mins),true,Misc,N/A,
2793c91e-9e5f-4cf8-9cf0-4780d2bdaa3e,HPLC,true,Misc,N/A,
1d055e6f-84ac-4d9d-8337-2f43f669d87d,Coombs Test (Direct),true,Misc,N/A,
b5acd560-bd7e-45eb-b00a-d6b4ee45f737,Coombs Test (Indirect),true,Misc,N/A,
55aea365-689c-4365-abda-18e6dbff1f2c,G6PD,true,Misc,N/A,
5bca44fa-55b2-4bac-a9f6-76c4c9e2a42e,PS for mf by concentration,true,Misc,N/A,
3fa2697b-c965-4ea2-99b2-d53e7409f2e9,Total Leucocyte Count (Blood),true,Misc,N/A,
c4f499c8-ce92-47a1-bac2-9f55615df68d,Anti Streptolysin Qualitative,true,Misc,N/A,
14b40e62-e561-4f69-bb62-0ae7180d05c6,Anti Streptolysin Turbidometry,true,Misc,N/A,
af559983-06e1-4c5d-b459-49c172ec13cb,RA Factor - Qualitative,true,Misc,N/A,
195df9e5-56c7-464e-81bf-745596f77579,RA Factor - Turbidometry,true,Misc,N/A,
29732edf-c295-4e0b-8e07-cbd5f4657caf,Troponin - T,true,Misc,N/A,
2787cccd-1f18-4fd5-ba50-b4867b408ee0,WIDAL Qualitative,true,Misc,N/A,
33cb5232-172e-4769-ad2d-49fadaafc318,CD4 Test,true,Misc,N/A,
00f750d7-53b4-417a-bd30-70ba781bfe6c,Hb1AC,true,Misc,N/A,
d0643625-188a-4f3e-a53d-1cd2b3ac36cd,APTT (Control) (Blood),true,Misc,N/A,
37b0aecd-12d0-4fc9-b090-5f2658ee8638,PT,true,Misc,N/A,
c10422f5-e41b-4022-a685-ae3ec791e589,Coomb's test-minor,true,Misc,N/A,
895f54bc-ffdb-4d9f-a760-d79574e4dd8c,Bend Cell,true,Misc,N/A,
c0d58329-ab01-4a0c-b915-311a3ee66f35,Nucleated RBC,true,Misc,N/A,
ad2388c1-751f-4f69-ac80-23a9ae52b819,Hypersegmented Polymorphs (HSP),true,Misc,N/A,
72ae28f1-4be4-499a-a8f5-aff54a11c9e3,Sickling Test,true,Misc,N/A,
a5cda2de-9cc6-4b39-97a8-6842632debba,Packed Cell Volume (PCV),true,Misc,N/A,
07a128f7-f596-45d5-a2a9-c447bc9e5112,Absolute Eosinphil Count,true,Misc,N/A,
b354517a-c98b-4bcc-98a5-84037842d626,Hb Electrophoresis,true,Misc,N/A,
f22b501c-7cd1-4732-915b-845392207cda,Platelet Count,true,Misc,N/A,
71545f9c-a300-4a44-bb1e-a0f201ce9f67,PS for RBC Morphology,true,Misc,N/A,
11d84f82-d343-4026-95d0-5a361373092e,MCHC,true,Misc,N/A,
faf1ccb8-fe6f-45d0-acad-3c9f51d5d84d,Band Form,true,Misc,N/A,
b7157fc9-9515-4f34-9255-386768716fc5,APTT (Test) (Blood),true,Misc,N/A,
80994e3f-b4f7-40c0-bf32-7dedacc9d4c3,Prothrombin Time (Control) (Blood),true,Misc,N/A,
d0643625-188a-4f3e-a53d-1cd2b3ac36cd,APTT (Control) (Blood),true,Misc,N/A,
2c01180b-779e-4777-84f2-33ef32698151,INR Ratio (Blood),true,Misc,N/A,
f72a35f7-f08f-4786-bd22-3e90dfa29f4d,Clotting time,true,Misc,N/A,
ad1e494a-e262-4fe5-9d06-1961656db5f1,Blood Group (Relative),true,Misc,N/A,
68426bfd-5612-428f-a679-d7189f39d9f2,HCV ELISA,true,Misc,N/A,
5b2d382d-ed57-43fc-a1c8-c64d1d7a60c7,HbsAg ELISA,true,Misc,N/A,
1039046c-377d-4a8f-8f20-774e73a1d408,Cross Match,true,Misc,N/A,
7b19bfd3-6da6-4e50-b4f2-aade6af892b1,VDRL ELISA,true,Misc,N/A,
27eef620-ca5b-42f3-b3d1-05e57d1f6974,HIV Tridot,true,Misc,N/A,
b58afffd-10c0-4956-84ea-5587b6a296a8,HbsAg Rapid,true,Misc,N/A,
3188f623-bcb8-4c48-b5a0-39db3f3ccf61,HCV Tridot,true,Misc,N/A,
80a8b5a5-9629-4b71-a402-d788d41a3f6c,HIV ELISA (Blood),true,Misc,N/A,
457985a0-f89f-465e-9f99-0751eb77b2fb,VDRL Rapid,true,Misc,N/A,
7fd99361-e7d2-479d-8ee4-3940cc3660a3,Patient Blood Group,true,Misc,N/A,
a1ad8a19-623e-4754-9a9b-f309c6f2e630,Haemoglobin (Relative),true,Misc,N/A,
86f8a653-7a71-42be-81b8-d46c1375be7a,Malaria Parasite,true,Misc,N/A,
79bc858c-163a-46a0-a722-6243c6d21200,Eosinophil,true,Misc,N/A,
e69dad79-173f-46cc-9a12-aaa54e6fc9ca,Lymphocyte,true,Misc,N/A,
014bd216-72bd-44ae-b25a-270ed10bb2da,Monocyte,true,Misc,N/A,
706ac12e-694b-4596-a170-8b6c6ea915e0,Basophil,true,Misc,N/A,
a3aa6093-0a2d-4b1a-8771-f0e0d338b476,Polymorph,true,Misc,N/A,
b5acd560-bd7e-45eb-b00a-d6b4ee45f737,Coombs Test (Indirect),true,Misc,N/A,
1d055e6f-84ac-4d9d-8337-2f43f669d87d,Coombs Test (Direct),true,Misc,N/A,
2793c91e-9e5f-4cf8-9cf0-4780d2bdaa3e,HPLC,true,Misc,N/A,
55aea365-689c-4365-abda-18e6dbff1f2c,G6PD,true,Misc,N/A,
a5cda2de-9cc6-4b39-97a8-6842632debba,Packed Cell Volume (PCV),true,Misc,N/A,
07a128f7-f596-45d5-a2a9-c447bc9e5112,Absolute Eosinphil Count,true,Misc,N/A,
3fa2697b-c965-4ea2-99b2-d53e7409f2e9,Total Leucocyte Count (Blood),true,Misc,N/A,
a13cb92c-696c-4ad2-9876-c3e8a78cf730,non- adrenaline,true,Misc,N/A,
c374f936-f60d-4aa7-bb0b-ce897a74bd71,bone marrow  test,true,Misc,N/A,
42d7db59-e4bd-44ed-bdbb-1b6eb6c318a3,GGT,true,Misc,N/A,
f22b501c-7cd1-4732-915b-845392207cda,Platelet Count,true,Misc,N/A,
3fa2697b-c965-4ea2-99b2-d53e7409f2e9,Total Leucocyte Count (Blood),true,Misc,N/A,
f25280e5-d4d8-4bbb-a67a-3740c4790e63,Test1,true,Misc,N/A,
c76f1dce-948e-425a-9698-23b837338fad,Test2,true,Misc,N/A,
f25280e5-d4d8-4bbb-a67a-3740c4790e63,Test1,true,Misc,N/A,
c76f1dce-948e-425a-9698-23b837338fad,Test2,true,Misc,N/A,
dbebb9d1-25e1-464a-83a0-94257ff217c3,Granulocyte Count,true,Misc,N/A,
8fc09f12-1e16-4777-92b1-3c04abe2b00c,Agranulocyte Count,true,Misc,N/A,
faf1ccb8-fe6f-45d0-acad-3c9f51d5d84d,Band Form,true,Misc,N/A,
7f9cf76f-7799-4bc2-88c9-004ee5704fa1,PCV (Blood),true,Misc,N/A,
11d84f82-d343-4026-95d0-5a361373092e,MCHC,true,Misc,N/A,
dbebb9d1-25e1-464a-83a0-94257ff217c3,Granulocyte Count,true,Misc,N/A,
c97a52b2-54b3-46a4-bff4-b63ad597c7ff,Haemoglobin (Blood),true,Misc,N/A,
8fc09f12-1e16-4777-92b1-3c04abe2b00c,Agranulocyte Count,true,Misc,N/A,
f22b501c-7cd1-4732-915b-845392207cda,Platelet Count,true,Misc,N/A,
3fa2697b-c965-4ea2-99b2-d53e7409f2e9,Total Leucocyte Count (Blood),true,Misc,N/A,
11740988-13b3-4a5e-8804-57c47f1723ad,Antibiotic Sensitivity (Blood),true,Misc,N/A,
d4db5c93-5117-4c32-922d-74d78fd42d88,Gram Stain (Blood),true,Misc,N/A,
c97a52b2-54b3-46a4-bff4-b63ad597c7ff,Haemoglobin (Blood),true,Misc,N/A,
8fc09f12-1e16-4777-92b1-3c04abe2b00c,Agranulocyte Count,true,Misc,N/A,
dbebb9d1-25e1-464a-83a0-94257ff217c3,Granulocyte Count,true,Misc,N/A,
11d84f82-d343-4026-95d0-5a361373092e,MCHC,true,Misc,N/A,
7f9cf76f-7799-4bc2-88c9-004ee5704fa1,PCV (Blood),true,Misc,N/A,
207d389b-85e1-4037-a0ac-dbc94b8123a6,Malaria Ags,true,Misc,N/A,
ffef467d-3fdc-4812-ac26-ea07fe307f73,AFB Stain (Blood),true,Misc,N/A,
5b31e3a9-2ee2-47c9-bb1b-b0e8b6c9bbfb,APTT (Test) (Serum),true,Misc,N/A,
f50e7ee3-dcde-4422-80bb-6be2e7eb67fc,APTT (Control) (Serum),true,Misc,N/A,
71545f9c-a300-4a44-bb1e-a0f201ce9f67,PS for RBC Morphology,true,Misc,N/A,
84c32e50-032f-4557-83c1-693625c26d4f,"PBS for Malaria,Filaria Parasites",true,Misc,N/A,
4726f651-7e11-4d6c-a9a8-bcde540c82f8,Cross Match-minor,true,Misc,N/A,
f72a35f7-f08f-4786-bd22-3e90dfa29f4d,Clotting time,true,Misc,N/A,
471f9328-b30a-4607-aa5a-ed7ad8558a5d,Malaria Abs,true,Misc,N/A,
faf1ccb8-fe6f-45d0-acad-3c9f51d5d84d,Band Form,true,Misc,N/A,
310c5280-6727-4732-823e-9c7e657297fd,ESR (Blood),true,Misc,N/A,
2a5bde32-04e9-4460-a1f7-a1bf98d40b15,Absolute Eosinophil Count,true,Misc,N/A,
7f9cf76f-7799-4bc2-88c9-004ee5704fa1,PCV (Blood),true,Misc,N/A,
b58d6709-464a-433a-94a9-50b7ce94e011,TB-IgM/IgG,true,Misc,N/A,
df9401b8-552e-4d70-8c15-c3a35a982496,HbA1C test,true,Misc,N/A,
de84c2d3-7656-4bde-aac0-e4632e70d604,Cross Match-major,true,Misc,N/A,
f81d4297-d079-4ea7-8b3a-7aa4425a3f85,HBsAg (Blood),true,Misc,N/A,
c97a52b2-54b3-46a4-bff4-b63ad597c7ff,Haemoglobin (Blood),true,Misc,N/A,
df671576-d7fe-4f0e-97c0-7d87fd8dc087,HIV (Blood),true,Misc,N/A,
61a9873c-7069-4e7f-9411-9d1f0aafc3e3,Blood Sugar P.P,true,Misc,N/A,
6c58e6d0-746a-4761-9b28-8a6db0d3264b,HCV (Blood),true,Misc,N/A,
72ae28f1-4be4-499a-a8f5-aff54a11c9e3,Sickling Test,true,Misc,N/A,
c97a52b2-54b3-46a4-bff4-b63ad597c7ff,Haemoglobin (Blood),true,Misc,N/A,
4726f651-7e11-4d6c-a9a8-bcde540c82f8,Cross Match-minor,true,Misc,N/A,
de84c2d3-7656-4bde-aac0-e4632e70d604,Cross Match-major,true,Misc,N/A,
df671576-d7fe-4f0e-97c0-7d87fd8dc087,HIV (Blood),true,Misc,N/A,
f81d4297-d079-4ea7-8b3a-7aa4425a3f85,HBsAg (Blood),true,Misc,N/A,
6c58e6d0-746a-4761-9b28-8a6db0d3264b,HCV (Blood),true,Misc,N/A,
6780bc93-9e91-4504-9076-e6c35fcf1602,VDRL(TPHA) (Blood),true,Misc,N/A,
2ae3d2c6-c14e-4f0a-8b13-e9c8e18c3a0f,Blood Bank Screening Test,true,Misc,N/A,
316a581e-3111-4916-83be-0f608a60fe9a,Blood Sugar Fasting,true,Misc,N/A,
f72a35f7-f08f-4786-bd22-3e90dfa29f4d,Clotting time,true,Misc,N/A,
37b0aecd-12d0-4fc9-b090-5f2658ee8638,PT,true,Misc,N/A,
5b31e3a9-2ee2-47c9-bb1b-b0e8b6c9bbfb,APTT (Test) (Serum),true,Misc,N/A,
f50e7ee3-dcde-4422-80bb-6be2e7eb67fc,APTT (Control) (Serum),true,Misc,N/A,
0cc3bf73-835d-4db8-a165-86e7899f0154,D-dimer,true,Misc,N/A,
c78143c5-4c08-4150-a724-e8bfb6b5163e,Blood Sugar Random,true,Misc,N/A,
11d84f82-d343-4026-95d0-5a361373092e,MCHC,true,Misc,N/A,
37e32958-f0bf-45b4-a7c5-16ee3e4c0533,Coomb's test-major,true,Misc,N/A,
c97a52b2-54b3-46a4-bff4-b63ad597c7ff,Haemoglobin (Blood),true,Misc,N/A,
df671576-d7fe-4f0e-97c0-7d87fd8dc087,HIV (Blood),true,Misc,N/A,
6780bc93-9e91-4504-9076-e6c35fcf1602,VDRL(TPHA) (Blood),true,Misc,N/A,
f81d4297-d079-4ea7-8b3a-7aa4425a3f85,HBsAg (Blood),true,Misc,N/A,
c97a52b2-54b3-46a4-bff4-b63ad597c7ff,Haemoglobin (Blood),true,Misc,N/A,
11d84f82-d343-4026-95d0-5a361373092e,MCHC,true,Misc,N/A,
7f9cf76f-7799-4bc2-88c9-004ee5704fa1,PCV (Blood),true,Misc,N/A,
71545f9c-a300-4a44-bb1e-a0f201ce9f67,PS for RBC Morphology,true,Misc,N/A,
2ae3d2c6-c14e-4f0a-8b13-e9c8e18c3a0f,Blood Bank Screening Test,true,Misc,N/A,
0cc3bf73-835d-4db8-a165-86e7899f0154,D-dimer,true,Misc,N/A,
dff77556-2768-484e-b737-808fb4ffb34d,Urine Bile Pigment,true,Misc,N/A,
f6840342-147c-4c53-a85a-b45da1944855,Urine Bile Salt,true,Misc,N/A,
7d18c06d-66ac-4e4f-a58c-abd53c68739d,Parallel Urine Sugar (Fasting Blood),true,Misc,N/A,
41a08f16-6224-4c77-92e0-ad3545c87434,Parallel Urine Sugar (30 mins),true,Misc,N/A,
b0042759-7ba7-43a1-b9c6-e71afe9c5b74,Parallel Urine Sugar (60 mins),true,Misc,N/A,
4a4da30f-ade2-4601-9741-9b43e4abdf0b,Parallel Urine Sugar (90 mins),true,Misc,N/A,
2f768ab3-fe31-494f-afe8-0f9d0db4a533,Parallel Urine Sugar (120 mins),true,Misc,N/A,
7f7315ec-1690-4f01-98e2-f6138e929ba4,Urine Ketone,true,Misc,N/A,
1f40002c-bba2-4b4c-a24a-7a72eee8b11c,Renal Concentrating Ability,true,Misc,N/A,
820a12b1-1742-4309-aa95-61dcff886fd9,Nil,true,Misc,N/A,
95aaf8f6-a9a9-494e-a9d5-fbb97d607a4c,Trace,true,Misc,N/A,
68d4a408-6de3-487e-890a-93282aab8d00,1+,true,Misc,N/A,
b0484863-a526-49e3-a1e4-25898e80831d,2+,true,Misc,N/A,
5263158a-a7ff-452f-a883-a9b45f41db9b,3+,true,Misc,N/A,
b0539a16-0f62-44a0-9ae7-dc9aca111744,4+,true,Misc,N/A,
b3209be2-cc96-4e01-998a-64e221a41f77,Albumin (Routine Urine),true,Misc,N/A,
44e6578c-832b-4615-a19c-6c9f20b6838b,Bile pigment,true,Misc,N/A,
d80a2962-49d9-445d-8174-c4c360f373f0,Specific Gravity,true,Misc,N/A,
820a12b1-1742-4309-aa95-61dcff886fd9,Nil,true,Misc,N/A,
95aaf8f6-a9a9-494e-a9d5-fbb97d607a4c,Trace,true,Misc,N/A,
68d4a408-6de3-487e-890a-93282aab8d00,1+,true,Misc,N/A,
b0484863-a526-49e3-a1e4-25898e80831d,2+,true,Misc,N/A,
5263158a-a7ff-452f-a883-a9b45f41db9b,3+,true,Misc,N/A,
b0539a16-0f62-44a0-9ae7-dc9aca111744,4+,true,Misc,N/A,
34efdd4d-74ac-4625-8f83-fd57b781b471,Sugar (Routine Urin),true,Misc,N/A,
399c4f81-3c33-4402-9fec-e6fdc4aa85ff,LE (Urine),true,Misc,N/A,
4f5abbd4-13fc-43f2-b02d-4e3a9c91c989,Nitrite,true,Misc,N/A,
ffdcd279-7a4f-432b-bc22-93a06571c9bc,Cast,true,Misc,N/A,
f9e0a219-c1ef-41f6-a1ee-2d39f303eaf0,Crystal,true,Misc,N/A,
e5644ac9-2926-4baf-a555-8d41cff1a922,Uric acid (Urine),true,Misc,N/A,
0f821b27-d92f-4f05-9ccb-1ec528a11e15,Others (Urine),true,Misc,N/A,
8ff2cd20-3d36-4b87-b46b-de0f748b5dea,Pus Cells (Urine),true,Misc,N/A,
7c0e329a-6c37-406d-9dbe-ec06e677369c,RBC (Urine),true,Misc,N/A,
52a90e3d-f077-45b9-939f-e82d2ef1dd3e,Vaginal Trichomonas,true,Misc,N/A,
5f90c21c-344b-4d10-ab34-0fce8f40854a,Yeast Cell,true,Misc,N/A,
7ef3615e-deb6-4be2-8478-a71fa6ddb71d,Nitrates (Urine),true,Misc,N/A,
02be088b-0a70-454d-b5c1-2a714ee46aef,ZN Stain (Urine),true,Misc,N/A,
7ca1aab5-e420-4f9b-909e-b3081d7b5856,Bence Jones Protein,true,Misc,N/A,
c700a5c2-117e-4052-a958-2b1655742e74,Urine Protein Creatinine Ratio,true,Misc,N/A,
e59baa3c-79da-425c-b771-ae573b676282,Urine Creatinine,true,Misc,N/A,
f37283a5-b5b0-43a1-93f0-b5a39f9e7606,Urine Protein,true,Misc,N/A,
5f5ff02b-2678-42bd-be41-e036e122dd6d,Urobilinogen (Urine),true,Misc,N/A,
d08109b5-da7a-4146-8288-a0f753e592ed,Routine Microbiology Culture (Urine),true,Misc,N/A,
820a12b1-1742-4309-aa95-61dcff886fd9,Nil,true,Misc,N/A,
95aaf8f6-a9a9-494e-a9d5-fbb97d607a4c,Trace,true,Misc,N/A,
68d4a408-6de3-487e-890a-93282aab8d00,1+,true,Misc,N/A,
b0484863-a526-49e3-a1e4-25898e80831d,2+,true,Misc,N/A,
5263158a-a7ff-452f-a883-a9b45f41db9b,3+,true,Misc,N/A,
b0539a16-0f62-44a0-9ae7-dc9aca111744,4+,true,Misc,N/A,
b3209be2-cc96-4e01-998a-64e221a41f77,Albumin (Routine Urine),true,Misc,N/A,
820a12b1-1742-4309-aa95-61dcff886fd9,Nil,true,Misc,N/A,
95aaf8f6-a9a9-494e-a9d5-fbb97d607a4c,Trace,true,Misc,N/A,
68d4a408-6de3-487e-890a-93282aab8d00,1+,true,Misc,N/A,
b0484863-a526-49e3-a1e4-25898e80831d,2+,true,Misc,N/A,
5263158a-a7ff-452f-a883-a9b45f41db9b,3+,true,Misc,N/A,
b0539a16-0f62-44a0-9ae7-dc9aca111744,4+,true,Misc,N/A,
34efdd4d-74ac-4625-8f83-fd57b781b471,Sugar (Routine Urin),true,Misc,N/A,
6125745b-6d67-4440-a954-722e354d43e9,pH (Urine),true,Misc,N/A,
d80a2962-49d9-445d-8174-c4c360f373f0,Specific Gravity,true,Misc,N/A,
4f5abbd4-13fc-43f2-b02d-4e3a9c91c989,Nitrite,true,Misc,N/A,
399c4f81-3c33-4402-9fec-e6fdc4aa85ff,LE (Urine),true,Misc,N/A,
7c0e329a-6c37-406d-9dbe-ec06e677369c,RBC (Urine),true,Misc,N/A,
52a90e3d-f077-45b9-939f-e82d2ef1dd3e,Vaginal Trichomonas,true,Misc,N/A,
f9e0a219-c1ef-41f6-a1ee-2d39f303eaf0,Crystal,true,Misc,N/A,
0f821b27-d92f-4f05-9ccb-1ec528a11e15,Others (Urine),true,Misc,N/A,
3d5bd862-fdf3-4364-8c40-259d28084616,Epithelial Cells,true,Misc,N/A,
8ff2cd20-3d36-4b87-b46b-de0f748b5dea,Pus Cells (Urine),true,Misc,N/A,
ffdcd279-7a4f-432b-bc22-93a06571c9bc,Cast,true,Misc,N/A,
5f90c21c-344b-4d10-ab34-0fce8f40854a,Yeast Cell,true,Misc,N/A,
f37283a5-b5b0-43a1-93f0-b5a39f9e7606,Urine Protein,true,Misc,N/A,
c700a5c2-117e-4052-a958-2b1655742e74,Urine Protein Creatinine Ratio,true,Misc,N/A,
e59baa3c-79da-425c-b771-ae573b676282,Urine Creatinine,true,Misc,N/A,
7c9bf45b-0b30-4dc3-82f5-0e574d36ebfc,Urine VMA,true,Misc,N/A,
7eea4026-21ee-45b9-b339-28fafb778390,Urine haemoglobin,true,Misc,N/A,
723c16c1-9f3f-44c6-8c61-b61f04aaf9a1,Urine AFB,true,Misc,N/A,
8ab07d2b-a46f-4ca2-a337-b6d9ee5bbdd7,LPA (Urine),true,Misc,N/A,
78263f25-165f-4827-ba7e-92cc0bd702fb,LJ (Urine),true,Misc,N/A,
92b4278c-9c5e-41b0-8560-1a9e464d6743,CBNAAT (Urine),true,Misc,N/A,
83327dd1-365a-4774-a117-3e926c67108c,Urine Copper,true,Misc,N/A,
4c786b9a-40d3-4a07-af41-fd5c56fd5f99,Culture (Urine),true,Misc,N/A,
57877598-f753-4037-bbcc-edfb566d4255,Ketone Bodies,true,Misc,N/A,
d63d5c4a-5b6f-4525-8aeb-653fbf96e622,Bile Salt (Urine),true,Misc,N/A,
81ebf534-30cb-4c79-8794-ec97b3885883,Yeast Cells (Urine),true,Misc,N/A,
e1e86748-e3e3-4bc4-bc2c-c3132f6e4b77,Phosphates (Urine),true,Misc,N/A,
f759071c-9f89-4677-94dc-46b5cf2bb7ca,Antibiotic Sensitivity (Urine),true,Misc,N/A,
1100cd47-4302-45eb-b849-5a15931c9c4a,Urates (Urine),true,Misc,N/A,
fbd2c4ae-8cb7-4d09-9960-134e3a5a2270,Colour (Urine),true,Misc,N/A,
3f54ec88-7e76-493f-9ac6-c44088374d02,Transparency (Urine),true,Misc,N/A,
6125745b-6d67-4440-a954-722e354d43e9,pH (Urine),true,Misc,N/A,
820a12b1-1742-4309-aa95-61dcff886fd9,Nil,true,Misc,N/A,
95aaf8f6-a9a9-494e-a9d5-fbb97d607a4c,Trace,true,Misc,N/A,
68d4a408-6de3-487e-890a-93282aab8d00,1+,true,Misc,N/A,
b0484863-a526-49e3-a1e4-25898e80831d,2+,true,Misc,N/A,
5263158a-a7ff-452f-a883-a9b45f41db9b,3+,true,Misc,N/A,
b0539a16-0f62-44a0-9ae7-dc9aca111744,4+,true,Misc,N/A,
1dc767cc-46d1-4226-b346-1c17c9e3145f,Albumin (Urine),true,Misc,N/A,
820a12b1-1742-4309-aa95-61dcff886fd9,Nil,true,Misc,N/A,
95aaf8f6-a9a9-494e-a9d5-fbb97d607a4c,Trace,true,Misc,N/A,
68d4a408-6de3-487e-890a-93282aab8d00,1+,true,Misc,N/A,
b0484863-a526-49e3-a1e4-25898e80831d,2+,true,Misc,N/A,
5263158a-a7ff-452f-a883-a9b45f41db9b,3+,true,Misc,N/A,
b0539a16-0f62-44a0-9ae7-dc9aca111744,4+,true,Misc,N/A,
93f58bf0-1652-47f8-9d00-d0c709a79f1b,Sugar,true,Misc,N/A,
3d5bd862-fdf3-4364-8c40-259d28084616,Epithelial Cells,true,Misc,N/A,
2d5f4b89-d166-4f56-8496-eee970b665fb,Pus (Urine),true,Misc,N/A,
81ebf534-30cb-4c79-8794-ec97b3885883,Yeast Cells (Urine),true,Misc,N/A,
b0cb89a2-2bcd-4d6c-9a30-0d5be6827301,RBCs (Urine),true,Misc,N/A,
1100cd47-4302-45eb-b849-5a15931c9c4a,Urates (Urine),true,Misc,N/A,
e5644ac9-2926-4baf-a555-8d41cff1a922,Uric acid (Urine),true,Misc,N/A,
0c7e1116-f587-49ec-911c-5e3fd6871354,Casts,true,Misc,N/A,
e1e86748-e3e3-4bc4-bc2c-c3132f6e4b77,Phosphates (Urine),true,Misc,N/A,
011efa42-aee9-419f-b6bd-302d643acc4e,Oxalates (Urine),true,Misc,N/A,
2d5f4b89-d166-4f56-8496-eee970b665fb,Pus (Urine),true,Misc,N/A,
b0cb89a2-2bcd-4d6c-9a30-0d5be6827301,RBCs (Urine),true,Misc,N/A,
3d5bd862-fdf3-4364-8c40-259d28084616,Epithelial Cells,true,Misc,N/A,
0c7e1116-f587-49ec-911c-5e3fd6871354,Casts,true,Misc,N/A,
81ebf534-30cb-4c79-8794-ec97b3885883,Yeast Cells (Urine),true,Misc,N/A,
e5644ac9-2926-4baf-a555-8d41cff1a922,Uric acid (Urine),true,Misc,N/A,
1100cd47-4302-45eb-b849-5a15931c9c4a,Urates (Urine),true,Misc,N/A,
011efa42-aee9-419f-b6bd-302d643acc4e,Oxalates (Urine),true,Misc,N/A,
e1e86748-e3e3-4bc4-bc2c-c3132f6e4b77,Phosphates (Urine),true,Misc,N/A,
fbd2c4ae-8cb7-4d09-9960-134e3a5a2270,Colour (Urine),true,Misc,N/A,
3f54ec88-7e76-493f-9ac6-c44088374d02,Transparency (Urine),true,Misc,N/A,
6125745b-6d67-4440-a954-722e354d43e9,pH (Urine),true,Misc,N/A,
820a12b1-1742-4309-aa95-61dcff886fd9,Nil,true,Misc,N/A,
95aaf8f6-a9a9-494e-a9d5-fbb97d607a4c,Trace,true,Misc,N/A,
68d4a408-6de3-487e-890a-93282aab8d00,1+,true,Misc,N/A,
b0484863-a526-49e3-a1e4-25898e80831d,2+,true,Misc,N/A,
5263158a-a7ff-452f-a883-a9b45f41db9b,3+,true,Misc,N/A,
b0539a16-0f62-44a0-9ae7-dc9aca111744,4+,true,Misc,N/A,
1dc767cc-46d1-4226-b346-1c17c9e3145f,Albumin (Urine),true,Misc,N/A,
820a12b1-1742-4309-aa95-61dcff886fd9,Nil,true,Misc,N/A,
95aaf8f6-a9a9-494e-a9d5-fbb97d607a4c,Trace,true,Misc,N/A,
68d4a408-6de3-487e-890a-93282aab8d00,1+,true,Misc,N/A,
b0484863-a526-49e3-a1e4-25898e80831d,2+,true,Misc,N/A,
5263158a-a7ff-452f-a883-a9b45f41db9b,3+,true,Misc,N/A,
b0539a16-0f62-44a0-9ae7-dc9aca111744,4+,true,Misc,N/A,
93f58bf0-1652-47f8-9d00-d0c709a79f1b,Sugar,true,Misc,N/A,
872a27ca-7019-458d-b785-a899199386db,24 hour Urine Protein,true,Misc,N/A,
6125745b-6d67-4440-a954-722e354d43e9,pH (Urine),true,Misc,N/A,
820a12b1-1742-4309-aa95-61dcff886fd9,Nil,true,Misc,N/A,
95aaf8f6-a9a9-494e-a9d5-fbb97d607a4c,Trace,true,Misc,N/A,
68d4a408-6de3-487e-890a-93282aab8d00,1+,true,Misc,N/A,
b0484863-a526-49e3-a1e4-25898e80831d,2+,true,Misc,N/A,
5263158a-a7ff-452f-a883-a9b45f41db9b,3+,true,Misc,N/A,
b0539a16-0f62-44a0-9ae7-dc9aca111744,4+,true,Misc,N/A,
1dc767cc-46d1-4226-b346-1c17c9e3145f,Albumin (Urine),true,Misc,N/A,
820a12b1-1742-4309-aa95-61dcff886fd9,Nil,true,Misc,N/A,
95aaf8f6-a9a9-494e-a9d5-fbb97d607a4c,Trace,true,Misc,N/A,
68d4a408-6de3-487e-890a-93282aab8d00,1+,true,Misc,N/A,
b0484863-a526-49e3-a1e4-25898e80831d,2+,true,Misc,N/A,
5263158a-a7ff-452f-a883-a9b45f41db9b,3+,true,Misc,N/A,
b0539a16-0f62-44a0-9ae7-dc9aca111744,4+,true,Misc,N/A,
93f58bf0-1652-47f8-9d00-d0c709a79f1b,Sugar,true,Misc,N/A,
57877598-f753-4037-bbcc-edfb566d4255,Ketone Bodies,true,Misc,N/A,
d63d5c4a-5b6f-4525-8aeb-653fbf96e622,Bile Salt (Urine),true,Misc,N/A,
7ef3615e-deb6-4be2-8478-a71fa6ddb71d,Nitrates (Urine),true,Misc,N/A,
5f5ff02b-2678-42bd-be41-e036e122dd6d,Urobilinogen (Urine),true,Misc,N/A,
44e6578c-832b-4615-a19c-6c9f20b6838b,Bile pigment,true,Misc,N/A,
5640a605-1337-405b-b528-0d566f8f4eaa,Gram Stain (Urine),true,Misc,N/A,
122abf76-fd6c-4fa5-ba7b-a95b600150ea,Urine Pregnancy Test,true,Misc,N/A,
122abf76-fd6c-4fa5-ba7b-a95b600150ea,Urine Pregnancy Test,true,Misc,N/A,
cbfb7813-a9fe-4930-a725-e0f9df4200e7,AFB Stain (Urine),true,Misc,N/A,
011efa42-aee9-419f-b6bd-302d643acc4e,Oxalates (Urine),true,Misc,N/A,
2170f898-5568-4dc6-a4c8-33d08915afac,Chyle,true,Misc,N/A,
2d5f4b89-d166-4f56-8496-eee970b665fb,Pus (Urine),true,Misc,N/A,
fbd2c4ae-8cb7-4d09-9960-134e3a5a2270,Colour (Urine),true,Misc,N/A,
b0cb89a2-2bcd-4d6c-9a30-0d5be6827301,RBCs (Urine),true,Misc,N/A,
6125745b-6d67-4440-a954-722e354d43e9,pH (Urine),true,Misc,N/A,
3f54ec88-7e76-493f-9ac6-c44088374d02,Transparency (Urine),true,Misc,N/A,
3d5bd862-fdf3-4364-8c40-259d28084616,Epithelial Cells,true,Misc,N/A,
820a12b1-1742-4309-aa95-61dcff886fd9,Nil,true,Misc,N/A,
95aaf8f6-a9a9-494e-a9d5-fbb97d607a4c,Trace,true,Misc,N/A,
68d4a408-6de3-487e-890a-93282aab8d00,1+,true,Misc,N/A,
b0484863-a526-49e3-a1e4-25898e80831d,2+,true,Misc,N/A,
5263158a-a7ff-452f-a883-a9b45f41db9b,3+,true,Misc,N/A,
b0539a16-0f62-44a0-9ae7-dc9aca111744,4+,true,Misc,N/A,
1dc767cc-46d1-4226-b346-1c17c9e3145f,Albumin (Urine),true,Misc,N/A,
0c7e1116-f587-49ec-911c-5e3fd6871354,Casts,true,Misc,N/A,
820a12b1-1742-4309-aa95-61dcff886fd9,Nil,true,Misc,N/A,
95aaf8f6-a9a9-494e-a9d5-fbb97d607a4c,Trace,true,Misc,N/A,
68d4a408-6de3-487e-890a-93282aab8d00,1+,true,Misc,N/A,
b0484863-a526-49e3-a1e4-25898e80831d,2+,true,Misc,N/A,
5263158a-a7ff-452f-a883-a9b45f41db9b,3+,true,Misc,N/A,
b0539a16-0f62-44a0-9ae7-dc9aca111744,4+,true,Misc,N/A,
93f58bf0-1652-47f8-9d00-d0c709a79f1b,Sugar,true,Misc,N/A,
f50e7ee3-dcde-4422-80bb-6be2e7eb67fc,APTT (Control) (Serum),true,Misc,N/A,
58525461-f608-40ab-a8df-b4c20d961c8d,AFP,true,Misc,N/A,
b97dbe80-104d-40c9-b59f-320375ba1a7a,B HCG,true,Misc,N/A,
136ab662-3020-41df-9e6e-ede5614c86d5,Bicarbonate,true,Misc,N/A,
f6dd96fb-2a1d-4622-81c4-19536146e157,Blood Urea,true,Misc,N/A,
c7e684bd-1544-4d37-ba57-cd4761f0c86b,CA-125,true,Misc,N/A,
ed8721b1-8b9b-4afd-a08b-d84c8b876b9b,CA19-9,true,Misc,N/A,
372f1e3e-73d3-4b5c-8d68-a068e90e0b1d,Creatinine Kinase,true,Misc,N/A,
4bcdca77-bcc2-4522-890e-1e3f3fd5f756,FBS,true,Misc,N/A,
647c8350-3e90-484b-bae6-33f47878f4fa,Ferittin,true,Misc,N/A,
61f6775a-a363-4100-9422-1997581cbf29,FT3,true,Misc,N/A,
597188b7-a8cf-4f1e-b1ee-29ca37700567,FT4,true,Misc,N/A,
3e9c14f8-b6f2-4e81-be9a-e5923d60ddec,LDH,true,Misc,N/A,
2eb99419-1c62-4bb2-bf91-94938612ee75,LH,true,Misc,N/A,
dbf24a73-0c2e-4b1a-acc4-8950e0715121,PP2BS,true,Misc,N/A,
f1a82a97-bd36-423c-8fc8-969baf8be7fa,Prolactin,true,Misc,N/A,
bf473c91-a548-4a72-a30b-8c28db502fd7,RBS,true,Misc,N/A,
ffa14d6a-59de-4199-b46b-7dc3d7b3a226,Urea Nitrogen,true,Misc,N/A,
a03d46c1-884f-485b-993f-6c9b3ecf1dab,Calcium(mg/dl),true,Misc,N/A,
4ca99ca5-fe22-4c16-b82b-b067409fc043,Phosphorous,true,Misc,N/A,
5e6b1c9b-34f2-42eb-93ba-b5ce84765d53,Dengue,true,Misc,N/A,
3de87163-2019-4c33-944c-8e52bfaf3cb7,Glucose(R),true,Misc,N/A,
3d9747a2-5bc2-45ff-9905-5b486ba40748,Cholesterol,true,Misc,N/A,
55e3c8be-0241-4917-a3ad-0893b56564ec,Glucose(P.P),true,Misc,N/A,
30252bb7-c5b0-4085-8a8b-9a2c95a61ea7,S. Triglyceride,true,Misc,N/A,
a04a813e-b8d9-4ff4-989f-aee9386082fe,TC/HDL Ratio,true,Misc,N/A,
0dbfdad2-2f55-47da-8c37-c8dc21a03955,VLDL Cholesterol,true,Misc,N/A,
ddef0ca1-7132-4b0d-aa67-459eea7706bb,ALK. Phosphate,true,Misc,N/A,
2b809979-3cd9-41b8-a1d7-228200c27fe8,S. Albumin,true,Misc,N/A,
64d7f458-c2ba-4099-ae95-e41cf61372a8,S. Protein,true,Misc,N/A,
ffc162d8-3f10-4607-948f-51de5f769600,Hepatitis A (Rapid),true,Misc,N/A,
aece3ef6-32dd-4faa-a3f5-f8f74b7802ef,Hepatitis A (Elisa),true,Misc,N/A,
6233d4fa-1460-4472-b57a-93036ecde27d,Hepatitis E (Rapid),true,Misc,N/A,
28dccf79-b2af-4446-a79e-7213df561a44,Hepatitis E (Elisa),true,Misc,N/A,
64863ba2-6670-4ee2-a0b1-df827239939b,Dengue (Rapid),true,Misc,N/A,
2f339fe2-9514-41df-af95-84b2bba7a9f0,Dengue (Elisa),true,Misc,N/A,
bcd1eb1a-0d57-4325-93f1-b6ec1e99330c,HBsAg (Serum),true,Misc,N/A,
ffe54d76-9f26-4ce8-a16a-f9a3f3eb1b6f,CK-NAC,true,Misc,N/A,
55560bc3-a240-4884-8bda-6ad59de75ad1,TORCH (IGG),true,Misc,N/A,
9c5cc97e-cd63-4ce2-bb21-e07e6764d936,TORCH (IGM),true,Misc,N/A,
4ab52ff6-6369-4b0b-b63d-f7f40b1398b2,Calcium (mmole/l),true,Misc,N/A,
5b31e3a9-2ee2-47c9-bb1b-b0e8b6c9bbfb,APTT (Test) (Serum),true,Misc,N/A,
5784d604-02b6-4c5a-89b1-044db2c2cfe6,Prothrombin Time (Control) (Serum),true,Misc,N/A,
d6bf2b77-de6c-4f01-b8f8-c486b109fb5a,Prothrombin Time (Test) (Serum),true,Misc,N/A,
dd8d600b-d177-4b35-98e9-0c8e2a5236ee,HIV ELISA (Serum),true,Misc,N/A,
00d811aa-6090-4122-b974-4e837bc1916d,HLA B27,true,Misc,N/A,
dcbe03f5-cad3-4bda-81df-01bdee979e57,Pre Dinner Sugar,true,Misc,N/A,
b6f9a817-8df5-4f8b-b3e2-00dca31cbedd,PTH,true,Misc,N/A,
5f7b17ac-24ff-4823-a626-426070d1d5c2,Total Cholesterol/HDL,true,Misc,N/A,
5b31e3a9-2ee2-47c9-bb1b-b0e8b6c9bbfb,APTT (Test) (Serum),true,Misc,N/A,
f50e7ee3-dcde-4422-80bb-6be2e7eb67fc,APTT (Control) (Serum),true,Misc,N/A,
bf473c91-a548-4a72-a30b-8c28db502fd7,RBS,true,Misc,N/A,
58525461-f608-40ab-a8df-b4c20d961c8d,AFP,true,Misc,N/A,
3e9c14f8-b6f2-4e81-be9a-e5923d60ddec,LDH,true,Misc,N/A,
f6dd96fb-2a1d-4622-81c4-19536146e157,Blood Urea,true,Misc,N/A,
f1a82a97-bd36-423c-8fc8-969baf8be7fa,Prolactin,true,Misc,N/A,
b97dbe80-104d-40c9-b59f-320375ba1a7a,B HCG,true,Misc,N/A,
ffa14d6a-59de-4199-b46b-7dc3d7b3a226,Urea Nitrogen,true,Misc,N/A,
61f6775a-a363-4100-9422-1997581cbf29,FT3,true,Misc,N/A,
b10f2163-3003-481d-b646-17f35f6f5f4f,ANA,true,Misc,N/A,
597188b7-a8cf-4f1e-b1ee-29ca37700567,FT4,true,Misc,N/A,
136ab662-3020-41df-9e6e-ede5614c86d5,Bicarbonate,true,Misc,N/A,
2eb99419-1c62-4bb2-bf91-94938612ee75,LH,true,Misc,N/A,
ed8721b1-8b9b-4afd-a08b-d84c8b876b9b,CA19-9,true,Misc,N/A,
c7e684bd-1544-4d37-ba57-cd4761f0c86b,CA-125,true,Misc,N/A,
4bcdca77-bcc2-4522-890e-1e3f3fd5f756,FBS,true,Misc,N/A,
647c8350-3e90-484b-bae6-33f47878f4fa,Ferittin,true,Misc,N/A,
372f1e3e-73d3-4b5c-8d68-a068e90e0b1d,Creatinine Kinase,true,Misc,N/A,
dbf24a73-0c2e-4b1a-acc4-8950e0715121,PP2BS,true,Misc,N/A,
4ab52ff6-6369-4b0b-b63d-f7f40b1398b2,Calcium (mmole/l),true,Misc,N/A,
4ca99ca5-fe22-4c16-b82b-b067409fc043,Phosphorous,true,Misc,N/A,
d49552a8-b592-4d9c-9075-ceedc964434e,Myoglobin,true,Misc,N/A,
5784d604-02b6-4c5a-89b1-044db2c2cfe6,Prothrombin Time (Control) (Serum),true,Misc,N/A,
d6bf2b77-de6c-4f01-b8f8-c486b109fb5a,Prothrombin Time (Test) (Serum),true,Misc,N/A,
0c93e119-42be-471f-98b1-c4000f013f66,INR Ratio (Serum),true,Misc,N/A,
4dcbf179-ec89-4abe-9841-834c1e912f25,Vitamin B-12,true,Misc,N/A,
742bfb43-e564-4616-b59e-712347518c96,Adinosin diamarese (Asitic Fluid),true,Misc,N/A,
9246b6c3-063f-4267-8967-a6f8a3d97d5e,Serum  Cortisol,true,Misc,N/A,
eaf7d297-af95-4c25-8e32-7d9fedfb9a17,Serum Electrophoresis,true,Misc,N/A,
c8d3dc4d-7aa6-472b-ab70-98ef8830bc88,RPR qualitative,true,Misc,N/A,
b618e187-93ec-4233-b4d6-b9e96e28d837,COMPLEMENT (C3),true,Misc,N/A,
316bdce1-8ff2-4d9d-b5c2-c0e53342a986,ANCA,true,Misc,N/A,
16b679b7-378a-45c2-a8c9-d9e8f0f564a0,Ceruloplasmin,true,Misc,N/A,
2dbede03-44f1-4076-8b38-4e89ee760a88,Creatinine Clearance,true,Misc,N/A,
2ef7c50a-df41-4805-a3f1-d35d26925eb1,CEA,true,Misc,N/A,
7b48300e-8c83-425b-b2a7-4c1d0003f130,ACE,true,Misc,N/A,
37ef1e9b-2b6c-4f7a-828c-8ae9ab814077,FSH Test,true,Misc,N/A,
39e47bbd-23f8-4a1e-a6c5-8212af6734ed,ANTI - dsDNA,true,Misc,N/A,
718b4589-2a11-4355-b8dc-aa668a93e098,Negative,true,Misc,N/A,
7acfafa4-f19b-485e-97a7-c9e002dbe37a,Positive,true,Misc,N/A,
0c3ae4f8-c111-42df-a8f0-526b00aac30e,Hydatid Serology,true,Misc,N/A,
b02f8df9-1943-4339-9456-ecc00c936cf6,Serum Lipase,true,Misc,N/A,
7cb42b02-4dd8-4ab6-b1f9-f38e884df1b0,Herpes simplex virus (HSV),true,Misc,N/A,
d45dc759-7d67-4cd7-bd39-03163ba45993,Urea Clearance Test,true,Misc,N/A,
71a2c116-27d5-4d83-ac29-1ec6e1a6e316,VLDL,true,Misc,N/A,
b0e191e8-e692-4548-b1f5-fa563a9300eb,Lipase (Serum),true,Misc,N/A,
ab0bf400-ed51-483f-9994-3589e48c8b1a,LDL/HDL,true,Misc,N/A,
6b443e16-c613-4a2e-a5e1-e9b5efc18543,H. Pylori,true,Misc,N/A,
54c8f8e3-9ed4-48ec-9ccb-4e1828c564be,CPK,true,Misc,N/A,
a88eb9cf-372c-4acd-a8e0-b2e258362bee,Albumin (Serum),true,Misc,N/A,
705a77c8-fe75-4d2c-bcb8-301a64d60a3d,CK-MB,true,Misc,N/A,
116f2b5f-8558-4893-95e8-fe0ea59e6f14,A-G Ratio,true,Misc,N/A,
f50baa1d-93d2-434f-9031-98f993b6b6cf,Troponin-I,true,Misc,N/A,
8086af1f-3ad8-4731-8663-f4600a78f14e,SGPT/ALT,true,Misc,N/A,
c1225814-a0fa-4800-acd5-57a6861e7522,LDH (Serum),true,Misc,N/A,
50d98476-4a60-42a9-a937-b5a62637c16d,Alkaline Phosphate,true,Misc,N/A,
b10f2163-3003-481d-b646-17f35f6f5f4f,ANA,true,Misc,N/A,
da964211-31f9-47bf-857e-0de5f51b704d,SGOT/AST,true,Misc,N/A,
b70e1535-9fde-4ba7-b4e8-88cf4fff2114,HIV (Serum),true,Misc,N/A,
bcd1eb1a-0d57-4325-93f1-b6ec1e99330c,HBsAg (Serum),true,Misc,N/A,
4cd93eaf-3520-4e72-b7f0-e79280183a49,HCV (Serum),true,Misc,N/A,
7acfafa4-f19b-485e-97a7-c9e002dbe37a,Positive,true,Misc,N/A,
718b4589-2a11-4355-b8dc-aa668a93e098,Negative,true,Misc,N/A,
533779cf-252d-46f5-99e6-777efca5ed3b,VDRL(TPHA) (Serum),true,Misc,N/A,
46bd06cf-f792-4078-9e1b-add6954a6de2,Protein (Serum),true,Misc,N/A,
e090efe6-bd54-40e8-8bcd-dc340f5f096d,BUN,true,Misc,N/A,
b70e1535-9fde-4ba7-b4e8-88cf4fff2114,HIV (Serum),true,Misc,N/A,
5acd2c32-00b1-498c-a9f3-f7481ff626bf,MP Serology,true,Misc,N/A,
705d0c1d-1e3e-4507-90f1-b4020569eacb,Glucose(F),true,Misc,N/A,
d512cab0-37b3-4d56-ae30-734a3225b027,CRP,true,Misc,N/A,
ac0743b9-8006-409f-a4b7-b89ba3fa3757,Gamma-GT,true,Misc,N/A,
23f6478d-0216-428d-aacc-53daaa3d7289,K-39,true,Misc,N/A,
43661d8c-d6c2-4139-a062-3f6b4855fa51,ASO,true,Misc,N/A,
da964211-31f9-47bf-857e-0de5f51b704d,SGOT/AST,true,Misc,N/A,
8086af1f-3ad8-4731-8663-f4600a78f14e,SGPT/ALT,true,Misc,N/A,
50d98476-4a60-42a9-a937-b5a62637c16d,Alkaline Phosphate,true,Misc,N/A,
687c767f-d968-4b4a-afc9-f3c99f54f313,Bilirubin Total,true,Misc,N/A,
f09265dd-08a3-45a3-b37e-c8e435fbcb64,Bilirubin Direct,true,Misc,N/A,
46bd06cf-f792-4078-9e1b-add6954a6de2,Protein (Serum),true,Misc,N/A,
116f2b5f-8558-4893-95e8-fe0ea59e6f14,A-G Ratio,true,Misc,N/A,
ac0743b9-8006-409f-a4b7-b89ba3fa3757,Gamma-GT,true,Misc,N/A,
7acfafa4-f19b-485e-97a7-c9e002dbe37a,Positive,true,Misc,N/A,
718b4589-2a11-4355-b8dc-aa668a93e098,Negative,true,Misc,N/A,
533779cf-252d-46f5-99e6-777efca5ed3b,VDRL(TPHA) (Serum),true,Misc,N/A,
da964211-31f9-47bf-857e-0de5f51b704d,SGOT/AST,true,Misc,N/A,
50d98476-4a60-42a9-a937-b5a62637c16d,Alkaline Phosphate,true,Misc,N/A,
8086af1f-3ad8-4731-8663-f4600a78f14e,SGPT/ALT,true,Misc,N/A,
f09265dd-08a3-45a3-b37e-c8e435fbcb64,Bilirubin Direct,true,Misc,N/A,
687c767f-d968-4b4a-afc9-f3c99f54f313,Bilirubin Total,true,Misc,N/A,
d45dc759-7d67-4cd7-bd39-03163ba45993,Urea Clearance Test,true,Misc,N/A,
f209c514-f068-4c49-96c5-f88e4ec9d425,RA,true,Misc,N/A,
f09265dd-08a3-45a3-b37e-c8e435fbcb64,Bilirubin Direct,true,Misc,N/A,
4cd93eaf-3520-4e72-b7f0-e79280183a49,HCV (Serum),true,Misc,N/A,
4cd93eaf-3520-4e72-b7f0-e79280183a49,HCV (Serum),true,Misc,N/A,
3de87163-2019-4c33-944c-8e52bfaf3cb7,Glucose(R),true,Misc,N/A,
e090efe6-bd54-40e8-8bcd-dc340f5f096d,BUN,true,Misc,N/A,
687c767f-d968-4b4a-afc9-f3c99f54f313,Bilirubin Total,true,Misc,N/A,
671e3aba-89d2-41be-9860-e47ab51e1649,Lipid profile Total cholesterol,true,Misc,N/A,
ff0533d3-8832-4cba-83cc-ab52a59038cf,Lipid profile Total cholesterol Test Date,true,Misc,N/A,
20dedfc9-21af-4b31-8f5f-311a65d8fec1,Lipid profile Triglycerides,true,Misc,N/A,
fa8ded0b-1c8b-4b21-b590-c8e6b3c00fe4,Lipid profile Triglycerides Test Date,true,Misc,N/A,
c1225814-a0fa-4800-acd5-57a6861e7522,LDH (Serum),true,Misc,N/A,
54c8f8e3-9ed4-48ec-9ccb-4e1828c564be,CPK,true,Misc,N/A,
705a77c8-fe75-4d2c-bcb8-301a64d60a3d,CK-MB,true,Misc,N/A,
f50baa1d-93d2-434f-9031-98f993b6b6cf,Troponin-I,true,Misc,N/A,
da964211-31f9-47bf-857e-0de5f51b704d,SGOT/AST,true,Misc,N/A,
ebd3a6ae-6d4b-416b-94fa-31bd677cfd64,Liquification time (Semen),true,Misc,N/A,
051f91ad-908a-4748-9798-7873105b397e,Colour,true,Misc,N/A,
a57c1df2-2224-4089-9c2d-e129f8c7a5b7,Liquification time,true,Misc,N/A,
ad2e87b9-d88a-43fc-835a-af975ec650e5,Color (Semen),true,Misc,N/A,
9c7c87f7-9d83-4300-96e8-579fb8ffde34,Motility,true,Misc,N/A,
aa48d209-f5b9-4761-889a-9ce8972a1dfb,Parasite,true,Misc,N/A,
5587f971-4601-45c3-8e3a-331e2f21b558,Volume (Semen),true,Misc,N/A,
8f00b901-a279-4829-909b-f7915ab26f0f,RBC (Semen),true,Misc,N/A,
86b66218-b6bd-4b48-8408-fa717ccfa0c4,Result,true,Misc,N/A,
d25b0972-e7d9-44b6-9bf7-5075793e330f,Total Count,true,Misc,N/A,
66dd8112-be8a-4ff5-8739-c5aaad2a5261,Viscoscity,true,Misc,N/A,
b73fbbd6-1e81-46ab-8ef7-6545f8fde9bb,Motility (Semen),true,Misc,N/A,
67c3299e-12b6-45c7-886c-e806eec9a4b1,Culture (Semen),true,Misc,N/A,
d459422b-1499-462b-9cde-05dc03313c8b,Pus Cells (Semen),true,Misc,N/A,
66dd8112-be8a-4ff5-8739-c5aaad2a5261,Viscoscity,true,Misc,N/A,
8f00b901-a279-4829-909b-f7915ab26f0f,RBC (Semen),true,Misc,N/A,
5587f971-4601-45c3-8e3a-331e2f21b558,Volume (Semen),true,Misc,N/A,
0f6dea02-925a-4550-acc7-3e5d2d213f31,Morphology,true,Misc,N/A,
9c7c87f7-9d83-4300-96e8-579fb8ffde34,Motility,true,Misc,N/A,
a57c1df2-2224-4089-9c2d-e129f8c7a5b7,Liquification time,true,Misc,N/A,
aa48d209-f5b9-4761-889a-9ce8972a1dfb,Parasite,true,Misc,N/A,
d25b0972-e7d9-44b6-9bf7-5075793e330f,Total Count,true,Misc,N/A,
86b66218-b6bd-4b48-8408-fa717ccfa0c4,Result,true,Misc,N/A,
5a2bc3a4-0603-4ee4-b1df-97229debfeec,Gram Stain (Semen),true,Misc,N/A,
051f91ad-908a-4748-9798-7873105b397e,Colour,true,Misc,N/A,
d459422b-1499-462b-9cde-05dc03313c8b,Pus Cells (Semen),true,Misc,N/A,
0f6dea02-925a-4550-acc7-3e5d2d213f31,Morphology,true,Misc,N/A,
b9933973-7b03-4691-87de-3c3d0577b183,Total Sperm Count,true,Misc,N/A,
1679cdf4-5b9a-4760-a753-402362ce86db,pH (Semen),true,Misc,N/A,
5a2bc3a4-0603-4ee4-b1df-97229debfeec,Gram Stain (Semen),true,Misc,N/A,
ebd3a6ae-6d4b-416b-94fa-31bd677cfd64,Liquification time (Semen),true,Misc,N/A,
ad2e87b9-d88a-43fc-835a-af975ec650e5,Color (Semen),true,Misc,N/A,
5587f971-4601-45c3-8e3a-331e2f21b558,Volume (Semen),true,Misc,N/A,
1679cdf4-5b9a-4760-a753-402362ce86db,pH (Semen),true,Misc,N/A,
5c94e008-2be9-4326-b006-30e3cc53921b,AFB Stain (Semen),true,Misc,N/A,
7ff30007-54b8-428f-8ac0-eea2f648f01f,Antibiotic Sensitivity (Semen),true,Misc,N/A,
b9933973-7b03-4691-87de-3c3d0577b183,Total Sperm Count,true,Misc,N/A,
b73fbbd6-1e81-46ab-8ef7-6545f8fde9bb,Motility (Semen),true,Misc,N/A,
d459422b-1499-462b-9cde-05dc03313c8b,Pus Cells (Semen),true,Misc,N/A,
0f6dea02-925a-4550-acc7-3e5d2d213f31,Morphology,true,Misc,N/A,
2643b73c-b32e-46a4-a783-00fe937b8dac,Viscosity,true,Misc,N/A,
e3c5ee08-750e-4064-8945-df821cadf8cb,pH (Stool),true,Misc,N/A,
9cd8e2de-c2cf-433c-8c82-76117d309108,Reducing substance,true,Misc,N/A,
81372444-16f7-4c14-91c7-b34f395013cb,Fat (Semi Quantitative),true,Misc,N/A,
9893755d-91d7-4d1c-a75f-85c2d1bfe910,Coccidians,true,Misc,N/A,
45f47208-99ee-43a9-92e7-50a0e6e319d7,Color (w/o concentration),true,Misc,N/A,
ef61380f-afc8-46bf-8905-4f1edd0a9896,Fat Droplets (w/o concentration),true,Misc,N/A,
153d1ce9-582a-4365-8794-e4bf824c3735,Food Particles (w/o concentration),true,Misc,N/A,
135f70c3-8d3b-41d0-b9b1-4c9cba53dbb6,Others (Stool w/o concentration),true,Misc,N/A,
f9f90a96-33d5-4c72-b983-abff50a7a0b7,Ova/Parasite/Cyst,true,Misc,N/A,
0d985240-0932-48a4-922b-8ea8632aa9c6,Pus Cells (Stool),true,Misc,N/A,
86e57aa3-0b7b-45dc-9608-2f5b1dc05be3,Quality,true,Misc,N/A,
47fc0a7e-238b-48a8-979d-d513873d8953,Colour (Stool),true,Misc,N/A,
18268e16-5ac7-496f-8989-91521535b866,Color (with concentration),true,Misc,N/A,
26d9faff-6aab-4e57-b1aa-49bc9fe60b66,Fat Droplets (with concentration),true,Misc,N/A,
7844a0b2-967d-40a2-9c3b-1e53d6973596,Food Particles (with concentration),true,Misc,N/A,
b26fa869-1e17-4278-b578-22367ed7b41c,Others (Stool with concentration),true,Misc,N/A,
4bdc27e9-ed64-461f-8ef2-1033810d3b41,Stool occult blood,true,Misc,N/A,
a59c2077-6d35-4eb3-af10-ec7200caa181,Routine Microbiology Culture (Stool),true,Misc,N/A,
3b31e58c-19a9-4b53-b7d3-71fa4519a6bc,Consistency,true,Misc,N/A,
350e7d13-1180-4b5e-8113-e2453053f95e,ZN Stain (Stool),true,Misc,N/A,
923420ac-a96c-4801-ba0e-8595e1f5bac0,Hanging Drop (Stool),true,Misc,N/A,
e3c5ee08-750e-4064-8945-df821cadf8cb,pH (Stool),true,Misc,N/A,
9cd8e2de-c2cf-433c-8c82-76117d309108,Reducing substance,true,Misc,N/A,
0d985240-0932-48a4-922b-8ea8632aa9c6,Pus Cells (Stool),true,Misc,N/A,
135f70c3-8d3b-41d0-b9b1-4c9cba53dbb6,Others (Stool w/o concentration),true,Misc,N/A,
ef61380f-afc8-46bf-8905-4f1edd0a9896,Fat Droplets (w/o concentration),true,Misc,N/A,
153d1ce9-582a-4365-8794-e4bf824c3735,Food Particles (w/o concentration),true,Misc,N/A,
86e57aa3-0b7b-45dc-9608-2f5b1dc05be3,Quality,true,Misc,N/A,
45f47208-99ee-43a9-92e7-50a0e6e319d7,Color (w/o concentration),true,Misc,N/A,
f9f90a96-33d5-4c72-b983-abff50a7a0b7,Ova/Parasite/Cyst,true,Misc,N/A,
d908d56a-6107-4469-9a87-5ca41366405a,RBC (Stool),true,Misc,N/A,
0d985240-0932-48a4-922b-8ea8632aa9c6,Pus Cells (Stool),true,Misc,N/A,
b26fa869-1e17-4278-b578-22367ed7b41c,Others (Stool with concentration),true,Misc,N/A,
86e57aa3-0b7b-45dc-9608-2f5b1dc05be3,Quality,true,Misc,N/A,
18268e16-5ac7-496f-8989-91521535b866,Color (with concentration),true,Misc,N/A,
26d9faff-6aab-4e57-b1aa-49bc9fe60b66,Fat Droplets (with concentration),true,Misc,N/A,
f9f90a96-33d5-4c72-b983-abff50a7a0b7,Ova/Parasite/Cyst,true,Misc,N/A,
d908d56a-6107-4469-9a87-5ca41366405a,RBC (Stool),true,Misc,N/A,
7844a0b2-967d-40a2-9c3b-1e53d6973596,Food Particles (with concentration),true,Misc,N/A,
7d3a8058-7784-4561-8cec-1ef8bb4f4887,Blood (Stool),true,Misc,N/A,
7f9f0ab4-ff88-42f5-8249-f3101f3ae5a5,Mucus,true,Misc,N/A,
21d1a63f-e387-49e2-9590-18af899ebc77,Pus (Stool),true,Misc,N/A,
d908d56a-6107-4469-9a87-5ca41366405a,RBC (Stool),true,Misc,N/A,
7c8cfa56-a48c-4fff-a645-291dadf785d4,Yeast Cells (Stool),true,Misc,N/A,
4dd65dae-1cd4-48ee-85a5-c2bdcebb780c,Fat Droplets,true,Misc,N/A,
ea6f717d-fb49-47a1-ab6f-b0cc7089fff3,Protozol parasite/Ova/Cyst/Trophozoites,true,Misc,N/A,
c6877114-d35a-4863-8e42-8359b323a2f2,Gram Stain (Stool),true,Misc,N/A,
208562b6-36ae-4c0f-ab1b-147eac39252f,Helminths parasite/Ova/Cyst/Trophozoites,true,Misc,N/A,
78347f1b-9b29-4ec7-abf3-875a2c0fcc74,Occult Blood Test,true,Misc,N/A,
4ad5f562-7bf9-455f-8100-38416b02f1c3,AFB Stain (Stool),true,Misc,N/A,
db795106-b0f8-4737-a186-d54f02941296,Antibiotic Sensitivity (Stool),true,Misc,N/A,
47fc0a7e-238b-48a8-979d-d513873d8953,Colour (Stool),true,Misc,N/A,
3b31e58c-19a9-4b53-b7d3-71fa4519a6bc,Consistency,true,Misc,N/A,
7d3a8058-7784-4561-8cec-1ef8bb4f4887,Blood (Stool),true,Misc,N/A,
7f9f0ab4-ff88-42f5-8249-f3101f3ae5a5,Mucus,true,Misc,N/A,
21d1a63f-e387-49e2-9590-18af899ebc77,Pus (Stool),true,Misc,N/A,
d908d56a-6107-4469-9a87-5ca41366405a,RBC (Stool),true,Misc,N/A,
7c8cfa56-a48c-4fff-a645-291dadf785d4,Yeast Cells (Stool),true,Misc,N/A,
4dd65dae-1cd4-48ee-85a5-c2bdcebb780c,Fat Droplets,true,Misc,N/A,
ea6f717d-fb49-47a1-ab6f-b0cc7089fff3,Protozol parasite/Ova/Cyst/Trophozoites,true,Misc,N/A,
208562b6-36ae-4c0f-ab1b-147eac39252f,Helminths parasite/Ova/Cyst/Trophozoites,true,Misc,N/A,
ba4d2367-241c-4d23-a8ad-760b02664e81,Stool Reducing Substance Test,true,Misc,N/A,
78347f1b-9b29-4ec7-abf3-875a2c0fcc74,Occult Blood Test,true,Misc,N/A,
ed664869-4d62-4442-ad27-e6a32f46a42f,Montoux Test (Test),true,Misc,N/A,
f6d3cb0d-4071-4418-aadc-2b810b1fc499,Pleural,true,Misc,N/A,
119c49bc-d24d-4059-93ca-a001177ecdcc,Culture (Tissue),true,Misc,N/A,
3f36b87b-866c-4c9e-8ed1-3a43a85b7d40,Gram Stain (Tissue),true,Misc,N/A,
fa17e843-e632-45b2-b597-a042a716144f,ZN Stain (Tissue),true,Misc,N/A,
cf9b97c8-9885-4057-867f-a3e1526fe519,Histopathology (Tissue),true,Misc,N/A,
00ce8488-7412-4eba-bd45-a8df4f0c3f53,Fine Needle Aspiration Cytology (FNAC),true,Misc,N/A,
e86254b7-dd67-4329-90b9-b7c65c036d1c,Cytopathology (Tissue),true,Misc,N/A,
d54bb7a3-4a6a-4971-8575-7dc95625ed9f,LPA (Tissue),true,Misc,N/A,
d759357e-2330-42b4-9511-5337d67cfa74,LJ (Tissue),true,Misc,N/A,
6aad45d7-4f65-4412-a8f0-7e1a0866f38a,CBNAAT (Tissue),true,Misc,N/A,
9965e25e-7003-44cd-93f9-8fbe1948d068,Scrapping for Fungus (Test),true,Misc,N/A,
2d290ae0-50e4-4f97-9a01-dd10c7bccfe7,Culture (Asitic Fluid),true,Misc,N/A,
890c0062-d010-437a-8a5c-988a9b88f6db,Protein (Asitic Fluid),true,Misc,N/A,
b26b0b39-e038-4c57-853d-34e0d9da97b3,ZN Stain (Asitic Fluid),true,Misc,N/A,
ef17929e-ac5f-4ec8-a6f0-68c7051c4d49,Differential Count (Asitic Fluid),true,Misc,N/A,
fbbb4fc6-4735-47e1-ac53-3d45335995da,Gram Stain (Asitic Fluid),true,Misc,N/A,
c9e7932b-a683-4b38-a7ce-6a594e6fa422,Sugar (Asitic Fluid),true,Misc,N/A,
5eb5ba17-dcdb-42c2-b4ee-9de36682aedf,Total Leucocyte Count (Asitic Fluid),true,Misc,N/A,
fb0a7fc8-4a61-49a8-be2c-cd4185057833,Cytology (Asitic Fluid),true,Misc,N/A,
742bfb43-e564-4616-b59e-712347518c96,Adinosin diamarese (Asitic Fluid),true,Misc,N/A,
aa1ee505-4cce-40ef-a9fd-726844108762,LPA (Asitic Fluid),true,Misc,N/A,
fb2f95d4-a239-43ac-8024-490eb7dada43,LJ (Asitic Fluid),true,Misc,N/A,
d89e4fff-e672-4302-bc07-37ae8d41cb9f,CBNAAT (Asitic Fluid),true,Misc,N/A,
db241b6d-d0e7-4d1e-82c1-72b4a63a4966,Pus Cell (BAL),true,Misc,N/A,
ef2ede2f-b6c1-4cab-af98-c0c6cea22ec6,Red Blood Cell (BAL),true,Misc,N/A,
b5939f96-fd63-4cdd-9e4b-1b41b9afd228,Epithelial Cell (BAL),true,Misc,N/A,
70f098d6-00db-4495-896e-527594228d1a,Parasite (BAL),true,Misc,N/A,
b16509ef-8a81-4799-89cc-bba3a30c2c02,ZN Stain (BAL),true,Misc,N/A,
8ebd7b34-2462-4ba6-9392-abd0c52453c0,Gram Stain (BAL),true,Misc,N/A,
1a32a43b-7ce9-4726-803b-efe59bd3f779,AFB Culture (BAL),true,Misc,N/A,
f59d9865-e35d-4b78-8802-4f93f5031709,Cytology (BAL),true,Misc,N/A,
093c828e-303f-4094-8233-658e22939827,Routine Microbiology Culture (BAL),true,Misc,N/A,
8501b286-d14c-4ab4-8307-c8d50ccbd9da,Adinosin diamarese (BAL),true,Misc,N/A,
19674938-19cd-4418-853f-78ced3ee58f4,LPA (BAL),true,Misc,N/A,
49d252eb-9d1c-42ef-ae2e-51d901cc6efb,LJ (BAL),true,Misc,N/A,
7f96612e-8540-4eb6-86b8-b3d7f6b9eedb,CBNAAT (BAL),true,Misc,N/A,
fa1fedcc-4b80-46f0-96f9-d9ce15a64c29,Peritoneal,true,Misc,N/A,
a9091580-c145-4e09-8f88-78ab487e8cdf,Pus Cell (GAL),true,Misc,N/A,
e233f47f-1186-4a8d-a0f9-7224464887fc,Red Blood Cell (GAL),true,Misc,N/A,
96b8695c-cf04-4015-9a15-468aa8f7a247,Epithelial Cell (GAL),true,Misc,N/A,
f12c5281-b101-4573-b19f-fa5d38c51a60,Parasite (GAL),true,Misc,N/A,
8eeff3d6-deed-4a3d-a475-833e914543ee,ZN Stain (GAL),true,Misc,N/A,
3e4c58c4-faef-497f-a43b-609bee394218,Gram Stain (GAL),true,Misc,N/A,
cb728172-da03-422a-a79b-0e98d76492a8,AFB Culture (GAL),true,Misc,N/A,
30863593-4508-4909-827f-beb349e50f8a,Cytology (GAL),true,Misc,N/A,
9fedc8e3-6cff-4801-9a8c-dd9adb4dafaf,Routine Microbiology Culture (GAL),true,Misc,N/A,
9a77c912-f672-469e-85f7-735fc229c9ed,Adinosin diamarese (GAL),true,Misc,N/A,
a7895342-37c4-46ce-aa4b-248a675287a1,LPA (GAL),true,Misc,N/A,
a317fb19-80b4-4973-8cc0-afb8185a5c69,LJ (GAL),true,Misc,N/A,
d2aad587-ca1a-4c7e-86b1-5e6fb4c00e2e,CBNAAT (GAL),true,Misc,N/A,
bd307bb6-1eca-4701-b7a4-453895775d8a,Culture (Knee Joint Fluid),true,Misc,N/A,
8e84a430-b0d7-4345-95b9-120788d869cd,Cytology (Knee Joint Fluid),true,Misc,N/A,
db9816b9-cf9c-4a44-8d71-7d2ca76114ed,ZN Stain (Knee Joint Fluid),true,Misc,N/A,
84e37a15-338a-4d3c-9c33-41a5e4b78f56,Sugar (Knee Joint Fluid),true,Misc,N/A,
114863da-eefb-45f7-b37d-2c095e845d05,Protein (Knee Joint Fluid),true,Misc,N/A,
80a32cb4-ee68-49f7-8892-f2ebbf110b39,Gram Stain (Knee Joint Fluid),true,Misc,N/A,
93272a43-caaf-4f70-915a-3e45aab22d44,Total Leucocyte Count (Knee Joint Fluid),true,Misc,N/A,
c89d980e-fad8-4f3b-b90d-4d81d3093a79,Differential Count (Knee Joint Fluid),true,Misc,N/A,
c78da420-5ca5-4d49-aa38-30f6ccfbca25,Adinosin diamarese (Knee Joint Fluid),true,Misc,N/A,
2ee6ecc5-bdfe-4375-94aa-c61327177911,LPA (Knee Joint Fluid),true,Misc,N/A,
ec786ff5-c26e-410b-a04e-77184b4ea34f,LJ (Knee Joint Fluid),true,Misc,N/A,
be29eb3d-50bf-435c-98bd-9350bfa7ee7b,CBNAAT (Knee Joint Fluid),true,Misc,N/A,
766b1d96-e8d8-415c-80f2-44dbc90e501f,Sugar (Peritoneal Fluid),true,Misc,N/A,
e8f5f439-6691-4bbf-a387-236078f2de60,ADA (Peritoneal Fluid),true,Misc,N/A,
81a4cbce-3096-4136-9297-139a1e7df0e3,Total Leucocyte Count (Peritoneal Fluid),true,Misc,N/A,
fceee826-9285-41e0-bc23-9b87c818b562,Antibiotic Sensitivity (Peritoneal Fluid),true,Misc,N/A,
e72e846b-b850-4c0f-afd1-c745f00cccc5,Agranulocyte Count (Peritoneal Fluid),true,Misc,N/A,
c9d448f0-baa0-4fd7-88bc-68aa457f3014,ZN Stain (Peritoneal Fluid),true,Misc,N/A,
b6ecb3d7-bb7d-4d2c-b788-56e0dfa6baa5,Cytology (Peritoneal Fluid),true,Misc,N/A,
9a818ba6-f899-422f-8f02-28046281a026,Differential Count (Peritoneal Fluid),true,Misc,N/A,
5e3da117-399a-4511-b1c8-6cbef974432f,Adinosin diamarese (Peritoneal Fluid),true,Misc,N/A,
208fe15d-62c6-4d6d-bc1f-05a4b7f24e39,LPA (Peritoneal Fluid),true,Misc,N/A,
da39291b-ab54-4937-b16c-da9457df389f,LJ (Peritoneal Fluid),true,Misc,N/A,
5a7fda0f-c5b6-4903-9a8c-02e9529483cf,CBNAAT (Peritoneal Fluid),true,Misc,N/A,
5b8e463c-ed0c-44db-87f5-3b3d52ba1587,Appearance (Peritoneal Fluid),true,Misc,N/A,
b17827b3-0c35-4e57-b759-3a401035ca2d,Culture (Peritoneal Fluid),true,Misc,N/A,
4d4c55c6-c8b9-4f05-8396-74ce0019765b,Colour (Peritoneal Fluid),true,Misc,N/A,
8f4283dc-2c49-497f-bc51-c06ddfb9b2a3,Transparency (Peritoneal Fluid),true,Misc,N/A,
5cc88419-5210-4bf1-8ad1-8626f166dea2,TLC (Peritoneal Fluid),true,Misc,N/A,
1c844178-5745-4485-aad7-e21cbffb5049,DLC (Peritoneal Fluid),true,Misc,N/A,
005c20b8-1d1b-4d23-8215-e6079d44c3c5,Neutrophil (Peritoneal Fluid),true,Misc,N/A,
727952d0-3857-49c9-aab7-1c4a8cb1d36a,Lymphocyte (Peritoneal Fluid),true,Misc,N/A,
e1d8cc49-8814-4812-9a41-dcc897bd832b,Eosinophil (Peritoneal Fluid),true,Misc,N/A,
4075ec59-5e1a-436f-b62d-195e762ca592,Glucose (Peritoneal Fluid),true,Misc,N/A,
947f583f-84d9-4c7b-8776-2ae4211e6617,Monocyte (Peritoneal Fluid),true,Misc,N/A,
2cbbbd30-837e-4c97-8460-b39a86cda5f6,AFB Stain (Peritoneal Fluid),true,Misc,N/A,
8fe5d6b7-9495-4219-b24c-5c060ff90c02,LDH (Peritoneal Fluid),true,Misc,N/A,
2650b34f-b97d-4723-be3e-e51c1fec998c,Protein (Peritoneal Fluid),true,Misc,N/A,
a9ae1645-3130-4c5f-b340-8d19ca5fdf21,Basophil (Peritoneal Fluid),true,Misc,N/A,
07de26ce-448d-4646-b333-5c2ce309dcfb,Granulocyte Count (Peritoneal Fluid),true,Misc,N/A,
e97baa43-2e01-4c6e-b494-a73c6595d5be,pH (Peritoneal Fluid),true,Misc,N/A,
6d9e3d9f-4a25-4afd-b171-c1957dbcc88a,Gram Stain (Peritoneal Fluid),true,Misc,N/A,
b48b9084-7793-4186-af0b-b2f1cba71cdd,Cytology (Plural Fluid),true,Misc,N/A,
5f3c0ff6-893a-494d-a614-deb76b5ad66c,Gram Stain (Plural Fluid),true,Misc,N/A,
5d30ca78-371b-423c-ac0f-fac3e3948363,ZN Stain (Plural Fluid),true,Misc,N/A,
2eaf3038-7a66-45d0-87ad-be2bd7b2c469,Culture (Plural Fluid),true,Misc,N/A,
00d6198e-b023-48ff-93fc-1c7cbddc9cb2,Total Leucocyte Count (Plural Fluid),true,Misc,N/A,
6f97509e-7f84-48fe-802a-8d2b1e685187,Protein (Plural Fluid),true,Misc,N/A,
c1efa7a7-8e04-4271-8b29-603130f044ca,Differential Count (Plural Fluid),true,Misc,N/A,
f4a5dcf7-39f4-4d6b-86e2-800db50d1344,Sugar (Plural Fluid),true,Misc,N/A,
dd27399e-a7d1-43c9-8df2-da589ecb600d,Adinosin diamarese (Pleural Fluid),true,Misc,N/A,
d17123aa-1a35-46fe-b527-20f51c3e0d5e,LPA (Pleural Fluid),true,Misc,N/A,
5c79fc92-671b-4a4b-b8de-d4015d66b4c4,LJ (Pleural Fluid),true,Misc,N/A,
d0cecabe-0811-4fac-b8bb-289bd0c3f245,CBNAAT (Pleural Fluid),true,Misc,N/A,
938cb6f2-d94c-4e6e-9254-0d44c7cd49b1,ADA (Pleural Fluid),true,Misc,N/A,
32a355d3-4f28-4673-895c-f2a1896516f1,Antibiotic Sensitivity (Pleural Fluid),true,Misc,N/A,
8faf6840-c557-414d-8db4-0f073183e911,Agranulocyte Count (Pleural Fluid),true,Misc,N/A,
0c40bf75-712f-475b-aee1-1b5754e016cc,Appearance (Pleural Fluid),true,Misc,N/A,
f4438f9b-2f92-4724-8e75-532c5f4d223e,Culture (Pleural Fluid),true,Misc,N/A,
0010a645-3555-4809-ab85-14b20d9c216e,Colour (Pleural Fluid),true,Misc,N/A,
5b110a68-9491-4c37-855d-dea8d278b7e2,Transparency (Pleural Fluid),true,Misc,N/A,
55fbae1e-7e3e-4546-a566-fb9269253911,TLC (Pleural Fluid),true,Misc,N/A,
3a77d337-d6e3-4ca3-9bfb-9cfac1b5d577,DLC (Pleural Fluid),true,Misc,N/A,
015e7a05-4744-4e23-8cc1-8e973c883ca6,Neutrophil (Pleural Fluid),true,Misc,N/A,
c4a502e2-96cc-4566-bb7b-d1090bb35676,Lymphocyte (Pleural Fluid),true,Misc,N/A,
e67680e1-fc9e-4451-8c01-bdf7cbcec36e,Eosinophil (Pleural Fluid),true,Misc,N/A,
92af121b-a6c1-4665-854f-bc70890afab1,Glucose (Pleural Fluid),true,Misc,N/A,
5e8c6e7a-99c2-4547-aef9-ea66b316a2b9,Monocyte (Pleural Fluid),true,Misc,N/A,
c3402c5b-aa9d-4b5f-bee0-2dd06b9d7336,AFB Stain (Pleural Fluid),true,Misc,N/A,
67c98508-7870-412c-9d1a-312885a438f7,LDH (Pleural Fluid),true,Misc,N/A,
216ea6b7-55b0-4598-958d-167bf0f28f32,Protein (Pleural Fluid),true,Misc,N/A,
04421133-710d-4043-bfbd-411e71ab0828,Basophil (Pleural Fluid),true,Misc,N/A,
39a6969a-cd82-46e9-88e2-f4ab5c0c2fa6,Granulocyte Count (Pleural Fluid),true,Misc,N/A,
9f70f7c9-ef50-442d-8ada-196d64b5b2cd,pH (Pleural Fluid),true,Misc,N/A,
8b1c3d83-56d8-4677-a7f0-8e9d96cb3c84,Gram Stain (Pleural Fluid),true,Misc,N/A,
8afa3659-2508-4cf7-b627-e5e426b01cce,Normal Saline mount (Vaginal Fluid),true,Misc,N/A,
c8466add-0ad0-4840-b6ea-7c7c6870a2b1,KOH mount (Vaginal mount),true,Misc,N/A,
2dcf5ce1-aaac-4030-a140-caf358e68772,pH (Vaginal Fluid),true,Misc,N/A,
fdde73aa-eae9-43a3-9221-604a5af659d6,Whiff test (Vaginal Fluid),true,Misc,N/A,
0ed078b2-ce84-4471-b920-b0bda98cdfc5,Gram Stain (Vaginal Fluid),true,Misc,N/A,
3ca26ce3-7cdf-4b56-9003-7422f2f3b208,Zn Stain (Vaginal Fluid),true,Misc,N/A,
74b1825b-ac86-4582-ab72-f47988fc4209,Cytology (Vaginal Fluid),true,Misc,N/A,
cff7d651-1222-4955-b633-ac4d5c4e0a40,LPA (Vaginal Fluid),true,Misc,N/A,
3f9080a9-1726-4ebd-ad4e-074ce831c48b,LJ (Vaginal Fluid),true,Misc,N/A,
5aeb9697-9ab9-4abe-9e34-f040a51c2026,CBNAAT (Vaginal Fluid),true,Misc,N/A,
3bdc0c6a-9de9-4af8-a2da-8c83103b77c2,LPA (Other Body Fluids),true,Misc,N/A,
82c7eaec-2c8e-405d-bb19-0cc4241a4291,LJ (Other Body Fluids),true,Misc,N/A,
7cc7e051-8005-4a21-acdb-56e4a84c9159,CBNAAT (Other Body Fluids),true,Misc,N/A,
8c61ca75-ed7c-41e7-9f7e-66c8c1336cef,Pericardial,true,Misc,N/A,
dc1f6f43-1c2d-4f18-b52a-a217ff79b8d9,Culture (Sputum),true,Misc,N/A,
6d9dc607-a9b9-404e-974e-e9bcaabdbf61,AFB Stain (Sputum),true,Misc,N/A,
74c8f15f-df52-4842-91f1-70676d6f0422,ZN Stain (Sputum),true,Misc,N/A,
c8cfba2b-1f93-45d8-bacd-ffd381cec6da,LPA (Sputum),true,Misc,N/A,
68ca55f9-0db9-458c-a19b-b52b96a61eb9,LJ (Sputum),true,Misc,N/A,
584d5742-ce20-4e2d-a12f-5bf26c94d340,CBNAAT (Sputum),true,Misc,N/A,
c48ee3e9-97bf-492a-9dd6-2d9da7713df1,Rifampicin resistance (Sputum),true,Misc,N/A,
859a49c8-ca71-4404-9c0c-c4aedda4117a,Gram Stain (Sputum),true,Misc,N/A,
4e1c9d54-6266-45ca-8a11-1e986a1263c5,Antibiotic Sensitivity (Sputum),true,Misc,N/A,
fd9bb3b0-32a1-403d-8fa9-d6fa290343a2,GenXpert,true,Misc,N/A,
bb91c8a0-cab2-4c2f-84de-e2be41e86689,AFB Stain (Pus),true,Misc,N/A,
6bc47937-8287-4aad-b5c0-55475dd7ce79,Gram Stain (Pus),true,Misc,N/A,
24aafc7e-6f41-4ebb-b0aa-824eb9d2c892,Antibiotic Sensitivity (Pus),true,Misc,N/A,
6218a29b-a441-45bf-8fe5-fc4f0d419ec0,Culture (Pus),true,Misc,N/A,
fe918626-7acf-4683-8a53-0d45ebe533d9,Antibiotic Sensitivity (Synovial Fluid),true,Misc,N/A,
cf8d6fdb-46b9-48e0-a845-c3bfe5af6fe7,Culture (Synovial Fluid),true,Misc,N/A,
775845b6-8848-40b8-b343-54d05972996e,Agranulocyte Count (Synovial Fluid),true,Misc,N/A,
5966273d-ec59-46ef-af30-4e3cafc85057,Transparency (Synovial Fluid),true,Misc,N/A,
67a05061-9e58-4f28-9b67-15b088e8d9d3,Appearance (Synovial Fluid),true,Misc,N/A,
11fffe50-40a9-4528-8c32-7ca423801a6f,DLC (Synovial Fluid),true,Misc,N/A,
9fd9d356-9d36-45ce-8cdf-c672636d6d7e,Colour (Synovial Fluid),true,Misc,N/A,
07bfc940-f219-4438-be47-15d1db47bf62,Lymphocyte (Synovial Fluid),true,Misc,N/A,
70b653d0-3f8f-42ca-966f-a1acccf1d19c,TLC (Synovial Fluid),true,Misc,N/A,
8db2fe5c-1b1c-49f9-9105-a52097fae02b,Monocyte (Synovial Fluid),true,Misc,N/A,
879f9234-7b66-4f2d-a1c3-e568c6340237,Neutrophil (Synovial Fluid),true,Misc,N/A,
7e4bbb74-b7d7-4b08-824e-832efeeccdd6,Glucose (Synovial Fluid),true,Misc,N/A,
d0fb54a1-e18d-40ee-981b-e9e8fad4d365,Protein (Synovial Fluid),true,Misc,N/A,
fe9d3234-13fd-4138-a102-377eb884ca03,Eosinophil (Synovial Fluid),true,Misc,N/A,
bc1047a5-84ca-417e-9a64-49e389577612,LDH (Synovial Fluid),true,Misc,N/A,
9db7f63a-1449-4716-a313-3b5dbc2a664b,pH (Synovial Fluid),true,Misc,N/A,
1141d397-91b7-42ce-b528-eba63d867d17,Basophil (Synovial Fluid),true,Misc,N/A,
a6c3005a-1699-4f44-9ba4-32ee87fc1bbc,AFB Stain (Synovial Fluid),true,Misc,N/A,
814e4f89-56a2-43c4-a582-bd34c3111755,ADA (Synovial Fluid),true,Misc,N/A,
6edf9813-871f-4a78-a90a-a18096b2fe20,Gram Stain (Synovial Fluid),true,Misc,N/A,
b389638b-42d5-4691-8132-529283c92078,Granulocyte Count (Synovial Fluid),true,Misc,N/A,
69d693bc-4df4-43c9-b36b-3ad5b7ffa48c,AFB Stain (Slit Skin),true,Misc,N/A,
e05e65c8-c116-4450-b920-f02d8482bb55,ZN Stain (Slit Skin),true,Misc,N/A,
213a82f3-22cf-45bc-80d0-2c45136f2224,M. Leprae (Slit Skin),true,Misc,N/A,
e3c70d47-a7d2-40e5-8e37-bc255f6da498,Rifampicin resistance (Slit Skin),true,Misc,N/A,
d155de4c-7d47-4b0c-837e-524244450945,Gram Stain (Slit Skin),true,Misc,N/A,
58a47bc2-d4e5-421e-bdf5-0323e7aea3f1,Antibiotic Sensitivity (Slit Skin),true,Misc,N/A,
5d799bfc-4eee-49de-81d5-661bb2d2073a,Borderline Tuberculoid,true,Misc,N/A,
34bdd6fd-c560-43f7-abdb-be75f9ce5a18,High Vaginal Swab Culture,true,Misc,N/A,
1095edf9-e7a2-443c-84b8-a0942b2bdf48,KOH Preparation,true,Misc,N/A,
6029d982-a7a2-49a7-b9f4-d6c733f339f3,Wet Mouth Preparation,true,Misc,N/A,
63002307-f9a8-4128-91ea-ab6acad2641d,Mantoux Test,true,Misc,N/A,
1773e5ad-ddbd-447c-959b-b1edd0165bb6,Stool,true,Misc,N/A,
e7faa239-ef2b-479a-9c72-1421147f6082,Montoux Test,true,Misc,N/A,
13ec5ffe-9874-428d-919d-15c29bbc9801,CSF,true,Misc,N/A,
34f7bcad-3c50-4ad4-ab15-d2b1991ebb01,Tissue,true,Misc,N/A,
35eca461-08b6-4542-9e41-40c2a3937eb5,Scrapping for Fungus,true,Misc,N/A,
9ced9891-b41e-4047-8636-9bb6521a2bb6,Asitic Fluid,true,Misc,N/A,
e625709f-bc1e-4cca-a256-be264d1b85f1,Bronchoscopy Lavage (BAL),true,Misc,N/A,
354c677b-ee8e-4ada-b6f1-b68182740a2f,Gastric Lavage (GAL),true,Misc,N/A,
dfb1752d-fcbd-4119-a471-49bda372da7e,Knee Joint Fluid,true,Misc,N/A,
350f7b26-c95e-4158-9333-3d3be91252a5,Peritoneal Fluid,true,Misc,N/A,
34b92e4b-59bd-4b25-9897-2e6b1f012ac8,Pleural Fluid,true,Misc,N/A,
179685f3-2e34-420d-94f0-c8094cc89cfa,Vaginal Fluid,true,Misc,N/A,
4a96bf36-e682-49eb-8b6c-cc0bff014d53,Other Body Fluids,true,Misc,N/A,
943bff5c-1fc5-448b-b563-0536112146fd,Sputum,true,Misc,N/A,
00274914-bbc0-4060-942a-99d21738e636,Pus,true,Misc,N/A,
5493e9ba-b9d8-4a8d-8406-38221f2f7fef,Synovial Fluid,true,Misc,N/A,
8d8eb396-e18d-4385-844b-7e2f3e4b1957,Slit Skin,true,Misc,N/A,
c9948334-0c78-4982-9e22-93293c5bfa80,Other Samples,true,Misc,N/A,
4529b8f6-fe4c-4f47-86c7-778907e216a4,Haematology Department,true,Misc,N/A,
5376776e-bd25-4471-8e23-b56bb79f82a8,Urine Department,true,Misc,N/A,
20bb6922-c976-4829-b4e6-37b43cac4dee,Biochemistry Department,true,Misc,N/A,
919b18c9-1f25-4e3a-a8cb-fdc7fefad1c2,Clinical Pathology Department,true,Misc,N/A,
c93c3c93-bd33-47d9-bedd-eff488491aa5,Stool Department,true,Misc,N/A,
c959a933-db78-43d8-9049-6cb2af1f4fe9,Microbiology Department,true,Misc,N/A,
3c89e9aa-6592-4487-b32a-60869bd4a1f1,Histo Pathology Department,true,Misc,N/A,
422a0872-2455-49cc-a972-74f3b5fe2057,Serology Department,true,Misc,N/A,
e6b85bb8-0c6e-4a8c-b593-a9ed0145c0d5,Vaginal Department,true,Misc,N/A,
81e79a45-3f10-11e4-adec-0800271c1b75,Lab Departments,true,Misc,N/A,
